user_id,article_id,score
1,5600,5
1,5704,5
1,5811,5
1,5885,5
1,5962,5
1,6143,5
1,6255,5
1,6382,5
1,6438,5
1,6475,5
1,6724,5
1,6157,3
1,5616,2
1,5619,1
1,6225,3
1,6373,1
1,6709,1
1,5604,2
1,5724,1
1,6274,2
1,6285,1
1,6313,2
1,6709,2
1,6725,1
1,6774,2
1,5746,1
1,6394,1
1,6543,2
1,5642,2
1,5684,2
1,5828,2
1,5838,3
1,5863,1
1,6377,2
1,6452,2
1,5828,3
1,6597,1
1,6600,1
1,6622,3
1,6658,2
1,6744,1
1,6757,3
1,6778,2
1,6470,1
1,5688,2
1,5795,1
1,5878,3
1,5883,2
1,5898,1
1,5901,2
1,5902,3
1,5913,1
1,5932,3
1,6218,2
1,6241,2
1,6268,2
1,6344,3
1,6422,3
1,6444,3
1,6462,1
1,6463,3
1,6556,1
1,6564,2
1,6573,3
1,6596,2
1,6603,2
1,6605,1
1,6619,3
1,6625,1
1,6626,2
1,6749,2
1,6470,3
1,5789,3
1,5779,1
1,5804,2
1,6205,2
1,5674,2
1,5700,1
1,5755,3
1,5775,3
1,5806,1
1,5928,3
1,6609,3
1,6677,2
1,6742,2
1,6151,2
1,5704,3
1,6175,1
1,6222,2
1,5624,3
1,5680,1
1,5763,3
1,6037,3
1,6076,1
1,6121,3
1,6142,3
1,6064,3
1,6069,1
1,6254,2
1,6281,2
1,6359,3
1,6660,2
1,5649,3
1,5825,2
1,5938,1
1,5975,1
1,5978,2
1,6163,2
1,6288,2
1,6320,1
1,6331,3
1,6337,3
1,6338,2
1,6345,2
1,6352,2
1,6404,3
1,6497,2
1,6512,2
1,6586,1
1,6613,2
1,6614,2
1,6627,2
1,6635,2
1,6668,2
1,6715,2
1,6761,1
1,6064,2
1,6221,2
1,6772,1
1,5727,1
1,6207,1
1,5635,1
1,6253,2
1,6367,2
1,6642,2
1,6211,1
1,6383,1
1,5631,2
1,5652,2
1,5880,2
1,5930,1
1,6213,2
1,6313,3
1,6341,1
1,6354,2
1,6363,3
1,6365,1
1,6374,2
1,6402,1
1,6693,2
1,5714,2
1,5964,3
1,6116,2
1,6645,3
1,6157,2
1,6249,1
1,6318,3
1,6359,2
1,6483,1
1,5779,3
1,5804,2
1,5806,1
1,5867,2
1,6145,3
1,6167,4
1,6222,3
1,6732,3
1,6743,3
1,6754,4
1,6055,1
1,6242,3
1,5617,2
1,5749,3
1,5848,2
1,5873,2
1,5882,2
1,5893,1
1,5941,3
1,5942,2
1,5945,3
1,5946,2
1,6160,3
1,6196,3
1,6205,2
1,6210,2
1,6229,2
1,6248,2
1,6251,1
1,6252,2
1,6287,2
1,6289,2
1,6296,1
1,6323,3
1,6330,2
1,6358,2
1,6380,2
1,6390,2
1,6435,2
1,6451,3
1,6460,3
1,6499,2
1,6501,2
1,6502,2
1,6504,2
1,6505,2
1,6508,3
1,6509,1
1,6518,2
1,6521,2
1,6570,1
1,6581,3
1,6617,3
1,6629,3
1,6649,3
1,6674,1
1,6687,3
1,6725,3
1,6734,2
1,6744,2
1,6264,1
1,6765,1
1,5718,2
1,5720,1
1,5603,2
1,5605,2
1,5854,1
1,6032,2
1,6219,1
1,5577,4
1,5732,4
1,6032,4
1,5852,1
1,5588,3
1,6234,1
1,6327,1
1,6379,3
1,6387,2
1,6685,1
1,6686,2
1,5746,4
1,5782,3
1,5800,3
1,5803,4
1,6393,2
2,5604,1
2,5724,3
2,6274,2
2,6285,3
2,6313,2
2,6709,2
2,6725,2
2,6774,2
2,6693,2
2,5716,1
2,6742,2
2,6219,1
2,6523,3
2,6219,1
2,5779,2
2,5804,2
2,6205,1
2,5831,2
2,5779,1
2,5804,2
2,5806,1
2,5867,2
2,5718,4
2,5720,4
2,6080,3
2,6489,3
2,5912,1
2,5923,1
2,5936,3
2,6294,3
3,5761,3
3,5909,1
3,5960,2
3,6377,3
3,5909,4
4,5617,1
4,5749,2
4,5848,3
4,5873,2
4,5882,1
4,5893,2
4,5941,3
4,5942,3
4,5945,1
4,5946,1
4,6160,3
4,6196,1
4,6205,2
4,6210,3
4,6229,1
4,6248,1
4,6251,1
4,6252,3
4,6287,2
4,6289,3
4,6296,1
4,6323,1
4,6330,1
4,6358,1
4,6380,1
4,6390,3
4,6435,2
4,6451,3
4,6460,1
4,6499,2
4,6501,2
4,6502,3
4,6504,3
4,6505,1
4,6508,2
4,6509,3
4,6518,2
4,6521,2
4,6570,3
4,6581,3
4,6617,2
4,6629,2
4,6649,1
4,6674,2
4,6687,2
4,6725,3
4,6734,3
4,6744,1
4,5645,1
4,5746,1
4,5782,1
4,5789,1
4,6191,2
4,6237,3
4,6267,1
4,6510,1
4,6585,2
4,6641,1
4,5779,3
4,5804,2
4,6205,3
4,5638,1
4,5725,2
4,5875,1
4,5989,2
4,6653,2
4,5587,1
4,5627,2
4,5641,1
4,5673,1
4,5728,3
4,5758,1
4,5762,2
4,5784,3
4,5785,1
4,5787,3
4,5845,2
4,5892,1
4,5896,3
4,5925,1
4,6148,1
4,6168,2
4,6169,2
4,6209,3
4,6217,2
4,6269,1
4,6311,1
4,6340,2
4,6375,1
4,6381,2
4,6415,2
4,6424,2
4,6448,1
4,6453,3
4,6467,2
4,6486,1
4,6520,3
4,6526,2
4,6574,1
4,6577,2
4,6587,3
4,6632,3
4,6782,3
4,6797,3
4,5589,2
4,5621,2
4,5749,1
4,6582,2
4,6679,2
4,6789,2
4,5594,1
4,5626,3
4,5730,2
4,5882,2
4,6102,2
4,6103,1
4,6107,2
4,6319,1
4,6323,1
4,6379,1
4,6427,1
4,6433,2
4,6443,1
4,6459,2
4,6464,3
4,6476,2
4,6481,2
4,6484,3
4,6509,2
4,6593,2
4,5779,2
4,5804,1
4,5806,3
4,5867,2
4,5749,3
4,5895,1
4,5944,1
4,6016,1
4,6160,2
4,6233,3
4,6243,3
4,6280,3
4,6289,2
4,6298,1
4,6325,3
4,6326,3
4,6355,2
4,6446,3
4,6456,1
4,6458,3
4,6464,1
4,6515,2
4,6518,2
4,6521,2
4,6629,1
4,6679,1
4,5717,3
4,5867,1
4,6219,3
4,5761,3
4,5909,3
4,5960,1
4,6377,2
4,5587,3
4,5627,3
4,5641,2
4,5673,3
4,5728,2
4,5758,1
4,5762,3
4,5784,2
4,5785,2
4,5787,2
4,5845,2
4,5892,2
4,5896,2
4,5925,1
4,6148,1
4,6168,1
4,6169,2
4,6209,2
4,6217,2
4,6269,1
4,6311,3
4,6340,2
4,6375,3
4,6381,2
4,6415,1
4,6424,1
4,6448,2
4,6453,3
4,6467,2
4,6486,3
4,6520,3
4,6526,3
4,6574,2
4,6577,3
4,6587,1
4,6632,3
4,6782,1
4,6797,2
4,6303,3
4,6305,3
4,6570,3
4,6629,5
4,6725,3
4,5982,1
4,6248,2
4,6451,1
5,5587,3
5,5627,3
5,5641,3
5,5673,2
5,5728,4
5,5758,2
5,5762,2
5,5784,4
5,5785,3
5,5787,4
5,5845,3
5,5892,2
5,5896,2
5,5925,4
5,6148,4
5,6168,3
5,6169,3
5,6209,2
5,6217,2
5,6269,3
5,6311,3
5,6340,4
5,6375,4
5,6381,4
5,6415,2
5,6424,3
5,6448,4
5,6453,2
5,6467,3
5,6486,3
5,6520,2
5,6526,4
5,6574,2
5,6577,2
5,6587,3
5,6632,2
5,6782,2
5,6797,3
5,5617,1
5,5749,3
5,5848,3
5,5873,2
5,5882,1
5,5893,3
5,5941,1
5,5942,3
5,5945,3
5,5946,3
5,6160,1
5,6196,2
5,6205,2
5,6210,1
5,6229,2
5,6248,2
5,6251,2
5,6252,3
5,6287,2
5,6289,2
5,6296,3
5,6323,3
5,6330,2
5,6358,2
5,6380,3
5,6390,3
5,6435,3
5,6451,2
5,6460,2
5,6499,2
5,6501,3
5,6502,3
5,6504,1
5,6505,2
5,6508,2
5,6509,3
5,6518,1
5,6521,3
5,6570,3
5,6581,3
5,6617,2
5,6629,3
5,6649,2
5,6674,2
5,6687,3
5,6725,2
5,6734,2
5,6744,1
5,5727,3
5,6207,1
5,5624,2
5,5680,2
5,5763,1
5,6545,2
5,6583,1
5,6591,3
5,6660,2
5,5576,2
5,5606,3
5,5666,3
5,5667,2
5,5668,2
5,5669,2
5,5672,1
5,5673,1
5,5675,2
5,5701,2
5,5703,3
5,5711,3
5,5754,3
5,5781,3
5,5793,2
5,5815,3
5,5824,3
5,5829,3
5,5839,2
5,5869,1
5,5914,1
5,5919,1
5,5922,2
5,5923,1
5,5929,2
5,5931,1
5,5935,1
5,5948,1
5,5958,3
5,5964,2
5,5970,2
5,6070,2
5,6238,1
5,6465,3
5,6500,3
5,6562,2
5,6756,1
5,5587,3
5,6416,1
5,6434,2
5,6762,3
5,6467,2
5,5587,3
5,5627,5
5,5641,3
5,5673,4
5,5728,4
5,5758,3
5,5762,5
5,5784,4
5,5785,4
5,5787,4
5,5845,4
5,5892,5
5,5896,4
5,5925,4
5,6148,5
5,6168,3
5,6169,4
5,6209,4
5,6217,4
5,6269,4
5,6311,4
5,6340,5
5,6375,4
5,6381,4
5,6415,4
5,6424,4
5,6448,3
5,6453,4
5,6467,4
5,6486,3
5,6520,4
5,6526,5
5,6574,4
5,6577,5
5,6587,3
5,6632,5
5,6782,3
5,6797,4
5,6740,1
5,5694,2
5,6384,2
5,6442,3
5,6468,3
5,6637,2
5,6741,1
5,6746,1
5,6453,2
5,5868,1
5,6369,3
5,6397,2
5,5642,2
5,5684,1
5,5828,3
5,5838,3
5,5863,2
5,6377,3
5,6452,2
5,5604,2
5,5724,3
5,6274,1
5,6285,2
5,6313,2
5,6709,2
5,6725,1
5,6774,1
5,5828,1
5,6597,3
5,6600,3
5,6622,2
5,6658,2
5,6744,2
5,6757,1
5,6778,2
6,5922,2
6,6631,2
6,6771,3
6,5740,3
6,5642,2
6,5684,3
6,5828,2
6,5838,1
6,5863,3
6,6377,3
6,6452,1
6,5584,1
6,5674,2
6,5700,2
6,5755,3
6,5775,3
6,5806,2
6,5928,3
6,6609,2
6,6677,2
6,5604,1
6,5724,3
6,6274,3
6,6285,3
6,6313,2
6,6709,1
6,6725,2
6,6774,1
6,5995,1
6,6164,3
6,6424,1
6,5651,3
6,6215,2
6,6532,2
6,6554,2
6,5828,2
6,6597,2
6,6600,3
6,6622,2
6,6658,3
6,6744,2
6,6757,2
6,6778,1
6,5649,1
6,5825,1
6,5938,1
6,5975,2
6,5978,2
6,6163,1
6,6288,2
6,6320,3
6,6331,1
6,6337,1
6,6338,2
6,6345,1
6,6352,2
6,6404,2
6,6497,2
6,6512,3
6,6586,3
6,6613,1
6,6614,3
6,6627,2
6,6635,3
6,6668,3
6,6715,1
6,6761,2
6,6064,4
6,6069,4
6,6254,3
6,6281,3
6,6359,4
6,6660,4
6,6318,2
6,6359,2
6,6742,1
6,6334,4
6,6349,3
6,6359,3
6,6404,4
6,6614,5
6,5737,2
6,5906,1
6,6651,1
6,5727,1
6,6207,1
6,6153,3
6,6559,1
6,5889,4
6,5816,3
6,5615,2
6,6230,1
6,5890,1
6,6157,1
6,6776,1
6,6777,2
6,5595,4
6,5604,3
6,6045,3
6,6007,1
7,5921,1
7,6173,1
7,6266,2
7,6376,3
7,6431,1
7,6519,1
7,6534,2
7,6676,3
7,6080,2
7,6489,3
7,5886,3
7,6576,2
7,5921,4
7,6219,3
7,6495,4
7,5574,3
7,5583,1
7,5608,2
7,5642,2
7,5684,2
7,5699,3
7,5757,2
7,5767,1
7,5796,3
7,5798,1
7,5822,2
7,5827,3
7,5828,2
7,5833,1
7,5838,1
7,5840,3
7,5842,1
7,5849,1
7,5859,3
7,5874,1
7,5900,1
7,5917,1
7,5963,2
7,6170,2
7,6200,1
7,6270,3
7,6291,2
7,6329,1
7,6396,1
7,6429,1
7,6578,3
7,6615,1
7,6623,1
7,6655,2
7,6662,2
7,6672,2
7,6704,2
7,6773,3
7,6783,2
7,6786,2
7,5852,2
7,5638,3
7,5725,2
7,5875,1
7,5989,2
7,6653,2
7,5937,2
7,6212,3
7,6228,2
7,6246,3
7,6487,2
7,6492,2
7,5674,1
7,5700,3
7,5755,2
7,5775,3
7,5806,1
7,5928,2
7,6609,2
7,6677,3
7,5719,1
7,5741,2
7,5866,2
7,5988,2
7,6189,3
7,6195,2
7,6204,2
7,6224,3
7,6231,1
7,6241,1
7,6293,1
7,6301,3
7,6633,1
7,6646,2
7,6694,2
7,6178,1
7,6407,1
7,5714,1
7,5779,5
7,5804,4
7,6205,4
7,5579,3
7,5586,1
7,6206,2
7,6787,1
7,5617,2
7,5749,2
7,5848,1
7,5873,2
7,5882,1
7,5893,2
7,5941,2
7,5942,1
7,5945,1
7,5946,1
7,6160,3
7,6196,1
7,6205,1
7,6210,3
7,6229,1
7,6248,2
7,6251,3
7,6252,1
7,6287,2
7,6289,2
7,6296,3
7,6323,2
7,6330,2
7,6358,2
7,6380,2
7,6390,3
7,6435,3
7,6451,3
7,6460,3
7,6499,3
7,6501,2
7,6502,2
7,6504,2
7,6505,3
7,6508,2
7,6509,3
7,6518,3
7,6521,1
7,6570,2
7,6581,3
7,6617,1
7,6629,3
7,6649,1
7,6674,1
7,6687,3
7,6725,1
7,6734,3
7,6744,2
7,5635,3
7,6253,3
7,5680,2
7,5705,2
7,5813,2
7,5862,2
7,5948,3
7,6148,1
7,6362,1
7,6733,3
7,6244,3
7,5744,2
7,6211,3
7,6383,2
7,5704,2
7,6175,3
7,6222,3
7,5631,3
7,5652,1
7,5880,3
7,5930,3
7,6213,1
7,6313,3
7,6341,3
7,6354,3
7,6363,2
7,6365,2
7,6374,2
7,6402,3
7,5706,2
7,5707,1
7,5709,1
7,5891,2
7,6303,1
7,6408,1
7,6414,3
7,6417,1
7,6466,3
7,6689,2
7,5718,2
7,5720,3
7,6693,1
7,5628,2
7,5634,3
7,5635,3
7,5654,2
7,5676,3
7,5708,2
7,5908,2
7,6147,1
7,6149,2
7,6152,1
7,6154,1
7,6214,3
7,6230,3
7,6236,1
7,6245,2
7,6299,2
7,6302,2
7,6339,1
7,6343,3
7,6346,2
7,6348,1
7,6351,3
7,6364,2
7,6374,1
7,6385,2
7,6405,3
7,6430,3
7,6482,1
7,6516,2
7,6517,3
7,6544,2
7,6569,2
7,6610,1
7,6620,3
7,6634,1
7,6638,2
7,6647,1
7,6648,1
7,6653,1
7,6659,2
7,6700,2
7,5606,2
7,5665,1
7,5674,3
7,5734,2
7,5762,3
7,5771,3
7,5780,3
7,5817,1
7,5821,3
7,5845,2
7,5857,3
7,5892,2
7,5963,1
7,5966,2
7,5969,3
7,5972,1
7,6239,2
7,6415,1
7,6535,2
7,6550,3
7,5603,1
7,5605,2
7,5868,1
7,6369,2
7,6397,3
7,5876,2
7,6436,1
7,6445,2
7,5964,2
7,6153,2
7,6227,2
7,6249,3
7,6321,1
7,6472,1
7,5620,4
7,5995,5
7,6263,3
7,6429,3
7,5982,4
7,5643,3
7,5650,3
7,5656,1
7,5658,2
7,5664,2
7,5712,3
7,5814,2
7,5843,1
7,6091,1
7,6438,2
7,6522,1
7,6539,2
7,6541,1
7,6682,3
7,6727,1
7,6793,1
7,5604,1
7,5724,1
7,6274,2
7,6285,2
7,6313,2
7,6709,2
7,6725,1
7,6774,2
7,5576,3
7,5606,2
7,5666,3
7,5667,2
7,5668,3
7,5669,1
7,5672,1
7,5673,2
7,5675,3
7,5701,1
7,5703,3
7,5711,1
7,5754,3
7,5781,1
7,5793,2
7,5815,3
7,5824,1
7,5829,3
7,5839,1
7,5869,2
7,5914,3
7,5919,2
7,5922,3
7,5923,1
7,5929,2
7,5931,2
7,5935,2
7,5948,3
7,5958,3
7,5964,3
7,5970,1
7,6070,3
7,6238,1
7,6465,2
7,6500,1
7,6562,2
7,6756,1
7,6570,3
7,6629,2
7,6725,3
7,6064,3
7,6069,1
7,6254,2
7,6281,2
7,6359,2
7,6660,1
7,5649,3
7,5825,3
7,5938,3
7,5975,2
7,5978,1
7,6163,1
7,6288,1
7,6320,2
7,6331,3
7,6337,3
7,6338,1
7,6345,1
7,6352,2
7,6404,3
7,6497,2
7,6512,2
7,6586,2
7,6613,3
7,6614,3
7,6627,3
7,6635,1
7,6668,2
7,6715,3
7,6761,2
7,6064,1
7,6221,3
7,6772,1
7,5727,2
7,6207,1
7,6367,2
7,6642,3
7,6116,1
7,6645,3
7,6157,1
7,6318,2
7,6359,2
7,6483,3
8,5740,2
8,5832,2
8,5887,2
8,6232,3
8,6472,3
8,6480,1
8,6524,1
8,6529,2
8,6538,3
8,6548,3
8,6549,2
8,6551,2
8,6560,3
8,6565,3
8,6580,2
8,6591,1
8,6601,3
8,6618,1
8,6640,1
8,6650,1
8,6669,2
8,6716,3
8,6722,2
8,6758,2
8,6767,3
8,6770,2
8,5604,3
8,5724,1
8,6274,1
8,6285,2
8,6313,2
8,6709,3
8,6725,3
8,6774,1
8,6545,3
8,6583,1
8,6591,1
8,6660,3
9,5596,1
9,5614,2
9,5954,2
9,6220,3
9,6529,2
9,5894,2
9,6338,2
9,6796,2
9,5698,2
9,5731,2
9,5732,2
9,5733,2
9,6420,2
9,5589,2
9,5621,3
9,5749,3
9,6582,3
9,6679,1
9,6789,3
9,6467,2
9,6742,2
9,6261,2
9,6350,3
9,6257,3
9,6071,4
9,5642,1
9,5684,3
9,5828,1
9,5838,1
9,5863,2
9,6377,1
9,6452,3
9,6545,2
9,6583,3
9,6591,3
9,6660,1
9,5584,2
9,5588,3
9,6234,2
9,6327,3
9,6379,2
9,6387,1
9,6685,3
9,6686,2
9,5828,2
9,6597,3
9,6600,1
9,6622,1
9,6658,1
9,6744,3
9,6757,2
9,6778,2
9,5698,4
9,5731,4
9,5732,3
9,5733,4
9,6051,3
9,6258,3
9,6420,4
9,6080,2
9,6489,3
9,5624,2
9,5680,1
9,5763,1
9,5604,1
9,5724,3
9,6274,1
9,6285,3
9,6313,2
9,6709,3
9,6725,2
9,6774,2
9,5868,1
9,6369,2
9,6397,3
9,5680,4
9,5705,3
9,5813,4
9,5862,3
9,5948,4
9,6148,3
9,6362,5
9,6733,4
9,6055,3
9,6242,3
9,5779,1
9,5804,1
9,6205,3
9,5691,1
9,5710,3
9,6261,1
9,6721,2
9,5634,2
9,5659,3
9,5610,1
9,6495,1
9,5677,3
10,6264,1
10,6765,2
10,5643,1
10,5650,2
10,5656,2
10,5658,1
10,5664,3
10,5712,3
10,5814,3
10,5843,1
10,6091,2
10,6438,1
10,6522,2
10,6539,3
10,6541,2
10,6682,2
10,6727,1
10,6793,2
10,6237,1
10,5779,2
10,5804,1
10,5806,3
10,5867,2
10,5576,2
10,5606,1
10,5666,2
10,5667,1
10,5668,1
10,5669,1
10,5672,2
10,5673,2
10,5675,2
10,5701,1
10,5703,1
10,5711,2
10,5754,1
10,5781,3
10,5793,1
10,5815,2
10,5824,3
10,5829,1
10,5839,1
10,5869,2
10,5914,2
10,5919,2
10,5922,1
10,5923,2
10,5929,2
10,5931,1
10,5935,3
10,5948,1
10,5958,1
10,5964,2
10,5970,2
10,6070,3
10,6238,1
10,6465,2
10,6500,2
10,6562,3
10,6756,2
10,5854,3
10,5867,1
10,6032,1
10,5706,4
10,5707,5
10,5709,4
10,5891,4
10,6303,4
10,6408,4
10,6414,4
10,6417,5
10,6466,5
10,6689,3
10,5779,1
10,5804,2
10,6205,1
10,5620,2
10,5995,1
10,5719,2
10,5741,2
10,5866,3
10,5988,2
10,6189,3
10,6195,2
10,6204,2
10,6224,2
10,6231,3
10,6241,3
10,6293,3
10,6301,2
10,6633,3
10,6646,2
10,6694,1
10,5828,1
10,6597,3
10,6600,3
10,6622,2
10,6658,2
10,6744,1
10,6757,2
10,6778,2
10,5982,5
10,5852,3
10,5604,1
10,5724,2
10,6274,2
10,6285,3
10,6313,1
10,6709,1
10,6725,2
10,6774,1
10,6570,2
10,6629,2
10,6725,2
10,6172,4
10,5949,4
10,5968,4
10,6166,3
10,6189,5
10,6260,4
10,6395,3
10,6493,5
10,6608,4
10,6686,4
10,5799,2
10,6161,3
10,6144,4
10,5907,1
10,6013,2
10,6342,3
10,6347,1
10,5620,2
10,5800,1
10,5591,4
11,6467,3
11,5587,3
11,5627,2
11,5641,2
11,5673,2
11,5728,1
11,5758,3
11,5762,2
11,5784,2
11,5785,1
11,5787,2
11,5845,3
11,5892,2
11,5896,1
11,5925,2
11,6148,2
11,6168,3
11,6169,1
11,6209,1
11,6217,2
11,6269,2
11,6311,2
11,6340,2
11,6375,2
11,6381,3
11,6415,2
11,6424,2
11,6448,1
11,6453,3
11,6467,3
11,6486,3
11,6520,3
11,6526,3
11,6574,3
11,6577,1
11,6587,2
11,6632,1
11,6782,3
11,6797,3
11,6406,3
11,5642,3
11,5684,2
11,5828,3
11,5838,1
11,5863,1
11,6377,2
11,6452,2
11,6261,3
11,6350,1
11,5604,2
11,5724,3
11,6274,2
11,6285,1
11,6313,3
11,6709,2
11,6725,1
11,6774,2
11,6545,2
11,6583,2
11,6591,1
11,6660,3
11,6301,3
11,5630,1
11,5782,2
11,6248,5
11,6451,4
11,5633,2
11,6165,1
11,6449,1
11,6227,3
11,6263,2
11,6429,2
11,6570,3
11,6629,2
11,6725,2
11,5835,5
11,6506,5
11,6678,4
11,6116,1
11,6645,1
11,5797,4
11,5865,4
11,6742,3
11,5854,5
11,5589,1
11,5621,2
11,5749,1
11,6582,2
11,6679,2
11,6789,1
11,6264,1
11,6765,2
11,5779,3
11,5804,3
11,5806,2
11,5867,2
11,5973,5
11,6116,3
11,6437,5
11,6645,4
11,5588,3
11,6234,3
11,6327,3
11,6379,2
11,6387,2
11,6685,2
11,6686,2
12,5810,2
12,5850,3
12,6265,2
12,6144,4
12,5852,2
12,5643,1
12,5650,1
12,5656,2
12,5658,3
12,5664,1
12,5712,2
12,5814,3
12,5843,2
12,6091,3
12,6438,1
12,6522,1
12,6539,1
12,6541,3
12,6682,3
12,6727,3
12,6793,2
12,5907,2
12,6013,1
12,6342,3
12,6347,1
12,5620,2
12,5800,1
13,5831,1
13,5961,2
13,5613,2
13,5680,1
13,5705,3
13,5813,2
13,5862,1
13,5948,3
13,6148,1
13,6362,1
13,6690,1
13,6733,1
13,5916,2
13,6151,2
13,5581,1
13,5655,1
13,5687,2
13,5870,2
13,5992,2
13,6017,3
13,6086,1
13,6150,2
13,6314,2
13,6472,3
13,6537,1
13,6571,2
13,6621,3
13,6656,1
13,6688,2
13,6697,1
13,6702,2
13,6759,3
13,5819,2
13,5961,2
13,5611,2
13,5622,2
13,5836,3
13,6317,3
13,6671,1
13,5868,2
13,6369,1
13,6397,2
13,6321,1
13,5831,5
13,5961,3
13,5576,4
13,5606,4
13,5666,5
13,5667,3
13,5668,4
13,5669,3
13,5672,4
13,5673,4
13,5675,3
13,5701,3
13,5703,5
13,5711,4
13,5754,3
13,5781,3
13,5793,4
13,5815,4
13,5824,4
13,5829,4
13,5839,4
13,5869,5
13,5914,3
13,5919,3
13,5922,4
13,5923,4
13,5929,5
13,5931,5
13,5935,4
13,5948,4
13,5958,4
13,5964,5
13,5970,4
13,6070,3
13,6238,3
13,6465,4
13,6500,3
13,6562,4
13,6756,4
13,5587,3
13,5627,3
13,5641,2
13,5673,3
13,5728,1
13,5758,2
13,5762,1
13,5784,1
13,5785,2
13,5787,2
13,5845,2
13,5892,3
13,5896,3
13,5925,1
13,6148,1
13,6168,1
13,6169,2
13,6209,2
13,6217,3
13,6269,2
13,6311,2
13,6340,3
13,6375,3
13,6381,2
13,6415,3
13,6424,2
13,6448,2
13,6453,2
13,6467,3
13,6486,1
13,6520,1
13,6526,1
13,6574,2
13,6577,3
13,6587,3
13,6632,1
13,6782,2
13,6797,3
13,6264,2
13,6765,2
13,5982,1
13,5714,1
13,5578,4
13,5603,3
13,5605,4
13,5779,3
13,5804,2
13,6205,1
13,5779,3
13,5804,1
13,5806,2
13,5867,2
14,5595,2
14,5599,4
14,5651,4
14,6215,3
14,6532,3
14,6554,5
14,5616,1
14,5922,3
14,6631,1
14,6771,3
14,5618,2
14,5595,4
14,5604,3
14,5724,3
14,6274,2
14,6285,1
14,6313,1
14,6709,3
14,6725,3
14,6774,1
14,5828,2
14,6597,2
14,6600,1
14,6622,2
14,6658,2
14,6744,3
14,6757,3
14,6778,3
15,5613,3
15,5625,3
15,5912,2
15,5923,1
15,5936,2
15,6294,3
15,5642,3
15,5684,1
15,5828,1
15,5838,3
15,5863,3
15,6377,2
15,6452,2
15,5604,2
15,5724,3
15,6274,2
15,6285,2
15,6313,2
15,6709,1
15,6725,3
15,6774,1
15,6545,2
15,6583,2
15,6591,3
15,6660,1
15,5613,3
15,5625,1
15,5828,1
15,6597,1
15,6600,1
15,6622,3
15,6658,2
15,6744,1
15,6757,2
15,6778,1
15,5624,4
15,5680,4
15,5763,3
15,5740,1
15,5698,3
15,5731,3
15,5732,3
15,5733,3
15,6051,2
15,6258,2
15,6420,1
15,5674,1
15,5700,3
15,5755,3
15,5775,1
15,5806,2
15,5928,1
15,6609,1
15,6677,2
15,5619,1
15,6225,1
15,6373,3
15,6709,3
15,5587,3
15,5627,1
15,5641,1
15,5673,1
15,5728,2
15,5758,2
15,5762,2
15,5784,2
15,5785,3
15,5787,2
15,5845,2
15,5892,1
15,5896,3
15,5925,1
15,6148,2
15,6168,2
15,6169,1
15,6209,2
15,6217,1
15,6269,3
15,6311,2
15,6340,1
15,6375,3
15,6381,1
15,6415,1
15,6424,2
15,6448,3
15,6453,3
15,6467,1
15,6486,1
15,6520,1
15,6526,2
15,6574,1
15,6577,3
15,6587,2
15,6632,3
15,6782,3
15,6797,1
15,6178,1
15,6407,3
15,5625,3
15,5808,3
15,6080,3
15,6489,2
15,5588,3
15,6234,2
15,6327,1
15,6379,3
15,6387,2
15,6685,1
15,6686,1
16,5579,2
16,5586,2
16,6206,2
16,6250,3
16,6335,1
16,6787,2
16,6496,2
16,5687,4
16,6062,3
16,6643,5
16,5575,3
16,6490,4
16,6495,3
16,6711,4
16,6178,1
16,6407,3
16,5995,2
16,6164,2
16,6424,2
17,5595,1
17,5607,2
17,5739,3
17,5864,2
17,5915,2
17,5955,1
17,5959,1
17,5965,3
17,6043,2
17,6112,2
17,6274,2
17,6540,1
17,6567,1
17,6742,2
17,6750,3
17,6766,1
17,5642,3
17,5684,2
17,5828,1
17,5838,3
17,5863,2
17,6377,1
17,6452,1
17,5828,3
17,6597,1
17,6600,2
17,6622,3
17,6658,3
17,6744,1
17,6757,3
17,6778,3
17,6112,2
17,6064,5
17,6221,4
17,5604,1
17,5724,1
17,6274,3
17,6285,1
17,6313,2
17,6709,2
17,6725,1
17,6774,2
17,5864,3
17,6766,4
17,5636,2
17,5717,2
17,6249,3
17,5779,2
17,5804,2
17,6205,1
18,5727,3
18,6207,3
18,6153,2
18,6559,1
18,6490,5
18,6495,4
18,6711,4
18,6178,2
18,6407,1
18,5995,1
18,6164,3
18,6424,1
18,6055,4
18,6242,3
18,5584,1
18,5680,3
18,5705,2
18,5813,1
18,5862,1
18,5948,3
18,6148,1
18,6362,1
18,6733,2
18,6024,1
18,5638,2
18,5725,3
18,5875,3
18,5989,2
18,6653,2
18,6145,3
18,6167,2
18,6222,1
18,6732,1
18,6743,2
18,6754,1
19,6064,4
19,6069,4
19,6254,4
19,6281,4
19,6359,5
19,6660,5
19,5649,2
19,5825,3
19,5938,1
19,5975,1
19,5978,2
19,6163,1
19,6288,1
19,6320,2
19,6331,1
19,6337,1
19,6338,3
19,6345,2
19,6352,2
19,6404,3
19,6497,2
19,6512,2
19,6586,2
19,6613,3
19,6614,1
19,6627,3
19,6635,2
19,6668,1
19,6715,2
19,6761,3
19,6318,3
19,6359,3
19,6742,2
19,5687,2
19,6062,1
19,6643,2
19,5642,1
19,5684,3
19,5828,1
19,5838,2
19,5863,3
19,6377,1
19,6452,1
19,5604,3
19,5724,3
19,6274,3
19,6285,1
19,6313,2
19,6709,3
19,6725,2
19,6774,1
19,5828,2
19,6597,2
19,6600,1
19,6622,1
19,6658,2
19,6744,2
19,6757,2
19,6778,1
19,6651,3
19,5737,3
19,5906,3
19,6651,3
19,6334,2
19,6349,3
19,6359,3
19,6404,3
19,6614,1
19,5615,2
19,6230,2
19,5890,1
19,6157,1
19,6776,2
19,6777,1
19,6772,5
19,6064,3
19,6221,1
19,5727,2
19,6207,1
19,5635,1
19,6253,3
19,6367,3
19,6642,3
19,5674,1
19,5700,1
19,5755,2
19,5775,3
19,5806,3
19,5928,2
19,6609,2
19,6677,3
19,6211,1
19,6383,1
19,5631,2
19,5652,3
19,5880,3
19,5930,3
19,6213,2
19,6313,2
19,6341,2
19,6354,3
19,6363,2
19,6365,1
19,6374,2
19,6402,2
19,6693,1
19,5714,3
19,5964,2
19,6116,3
19,6645,2
19,6157,3
19,6249,1
19,6483,3
19,6263,4
19,6429,3
19,5620,3
19,5995,2
19,6248,1
19,6451,2
19,6553,1
20,5828,2
20,6597,2
20,6600,1
20,6622,1
20,6658,3
20,6744,2
20,6757,3
20,6778,2
20,5612,4
20,6579,3
20,6595,4
20,6184,3
20,5630,1
20,5782,2
21,6055,2
21,6242,1
21,5584,1
21,5680,2
21,5705,2
21,5813,2
21,5862,2
21,5948,3
21,6148,2
21,6362,1
21,6733,3
21,6024,3
21,5638,2
21,5725,2
21,5875,3
21,5989,1
21,6653,2
21,6145,2
21,6167,3
21,6222,3
21,6732,2
21,6743,3
21,6754,2
22,5740,4
22,5624,2
22,5680,3
22,5763,2
22,5922,1
22,6631,2
22,6771,3
22,6651,4
22,5649,2
22,5825,1
22,5938,2
22,5975,1
22,5978,1
22,6163,1
22,6288,1
22,6320,2
22,6331,1
22,6337,2
22,6338,3
22,6345,3
22,6352,2
22,6404,1
22,6497,2
22,6512,3
22,6586,2
22,6613,3
22,6614,1
22,6627,1
22,6635,2
22,6668,2
22,6715,2
22,6761,3
22,5737,3
22,5906,3
22,6651,4
22,6334,3
22,6349,2
22,6359,1
22,6404,1
22,6614,2
22,5615,1
22,6230,1
22,5890,3
22,6157,1
22,6776,2
22,6777,3
22,6772,3
22,5604,3
22,5724,3
22,6274,3
22,6285,2
22,6313,3
22,6709,2
22,6725,1
22,6774,3
22,5921,3
22,6173,3
22,6266,1
22,6376,2
22,6431,2
22,6519,1
22,6534,3
22,6676,2
22,6742,3
22,5581,4
22,5655,3
22,5687,4
22,5870,5
22,5992,4
22,6017,4
22,6086,4
22,6150,3
22,6314,4
22,6472,4
22,6537,3
22,6571,4
22,6621,4
22,6656,4
22,6688,4
22,6697,3
22,6702,4
22,6759,3
22,5831,2
22,5961,3
22,6728,3
22,6116,2
22,6645,1
22,6263,4
22,6429,3
22,5620,1
22,5995,1
22,6248,2
22,6451,3
23,5740,2
23,5624,2
23,5680,1
23,5763,2
23,5922,1
23,6631,1
23,6771,3
23,6772,4
23,5604,2
23,5724,3
23,6274,1
23,6285,1
23,6313,3
23,6709,3
23,6725,1
23,6774,3
23,5615,4
23,6230,4
23,5737,3
23,5906,2
23,6651,2
24,5642,3
24,5684,1
24,5828,2
24,5838,3
24,5863,3
24,6377,1
24,6452,2
24,5604,2
24,5724,3
24,6274,3
24,6285,2
24,6313,1
24,6709,1
24,6725,3
24,6774,2
24,6545,1
24,6583,3
24,6591,2
24,6660,2
24,6343,2
24,6345,2
24,6563,2
24,6662,2
25,5617,1
25,5749,1
25,5848,1
25,5873,3
25,5882,3
25,5893,3
25,5941,3
25,5942,1
25,5945,3
25,5946,2
25,6160,2
25,6196,2
25,6205,2
25,6210,1
25,6229,3
25,6248,2
25,6251,1
25,6252,1
25,6287,2
25,6289,2
25,6296,2
25,6323,1
25,6330,3
25,6358,3
25,6380,1
25,6390,3
25,6435,3
25,6451,1
25,6460,2
25,6499,3
25,6501,2
25,6502,1
25,6504,2
25,6505,1
25,6508,2
25,6509,1
25,6518,3
25,6521,3
25,6570,2
25,6581,1
25,6617,2
25,6629,2
25,6649,2
25,6674,1
25,6687,2
25,6725,1
25,6734,2
25,6744,1
25,5645,1
25,5746,2
25,5782,2
25,5789,1
25,6191,1
25,6237,1
25,6267,1
25,6510,3
25,6585,2
25,6641,3
25,5779,3
25,5804,2
25,6205,3
25,5638,2
25,5725,2
25,5875,3
25,5989,1
25,6653,3
25,5587,1
25,5627,2
25,5641,2
25,5673,3
25,5728,2
25,5758,2
25,5762,1
25,5784,2
25,5785,3
25,5787,2
25,5845,1
25,5892,1
25,5896,3
25,5925,3
25,6148,1
25,6168,2
25,6169,3
25,6209,2
25,6217,3
25,6269,2
25,6311,1
25,6340,2
25,6375,2
25,6381,2
25,6415,1
25,6424,2
25,6448,1
25,6453,2
25,6467,1
25,6486,1
25,6520,3
25,6526,1
25,6574,3
25,6577,2
25,6587,2
25,6632,2
25,6782,2
25,6797,3
25,5589,3
25,5621,1
25,5749,1
25,6582,3
25,6679,2
25,6789,2
25,5594,2
25,5626,1
25,5730,1
25,5882,1
25,6102,1
25,6103,2
25,6107,3
25,6319,3
25,6323,2
25,6379,2
25,6427,2
25,6433,1
25,6443,2
25,6459,3
25,6464,2
25,6476,3
25,6481,2
25,6484,3
25,6509,2
25,6593,2
25,5779,1
25,5804,2
25,5806,3
25,5867,2
25,5749,1
25,5895,1
25,5944,2
25,6016,2
25,6160,3
25,6233,2
25,6243,1
25,6280,1
25,6289,3
25,6298,3
25,6325,1
25,6326,2
25,6355,3
25,6446,1
25,6456,3
25,6458,1
25,6464,3
25,6515,2
25,6518,1
25,6521,2
25,6629,2
25,6679,1
25,5717,2
25,5867,2
25,6219,1
25,5680,3
25,5705,4
25,5813,4
25,5862,4
25,5948,4
25,6148,4
25,6362,4
25,6733,5
25,6055,3
25,6242,2
25,5691,3
25,5710,3
25,6261,2
25,6721,2
25,5634,1
25,5659,2
25,5610,2
26,6064,2
26,6221,1
26,5604,2
26,5724,2
26,6274,2
26,6285,3
26,6313,3
26,6709,2
26,6725,2
26,6774,2
27,5921,3
27,6173,3
27,6266,2
27,6376,2
27,6431,3
27,6519,3
27,6534,3
27,6676,3
27,6080,1
27,6489,2
27,5886,2
27,6576,2
27,6495,4
27,5574,3
27,5583,2
27,5608,2
27,5642,2
27,5684,2
27,5699,2
27,5757,1
27,5767,1
27,5796,3
27,5798,3
27,5822,2
27,5827,3
27,5828,2
27,5833,1
27,5838,2
27,5840,2
27,5842,3
27,5849,2
27,5859,2
27,5874,3
27,5900,1
27,5917,1
27,5963,2
27,6170,1
27,6200,2
27,6270,3
27,6291,3
27,6329,3
27,6396,1
27,6429,3
27,6578,2
27,6615,3
27,6623,2
27,6655,3
27,6662,1
27,6672,2
27,6704,1
27,6773,2
27,6783,2
27,6786,2
27,5852,1
27,5638,2
27,5725,2
27,5875,2
27,5989,3
27,6653,3
27,5937,2
27,6212,2
27,6228,1
27,6246,2
27,6487,3
27,6492,3
27,5674,3
27,5700,1
27,5755,3
27,5775,2
27,5806,1
27,5928,2
27,6609,1
27,6677,2
27,5719,1
27,5741,2
27,5866,2
27,5988,3
27,6189,3
27,6195,3
27,6204,2
27,6224,3
27,6231,2
27,6241,2
27,6293,2
27,6301,1
27,6633,1
27,6646,3
27,6694,2
27,6178,2
27,6407,2
27,5714,1
27,5620,4
27,5995,5
27,5706,2
27,5707,2
27,5709,2
27,5891,2
27,6303,3
27,6408,1
27,6414,1
27,6417,2
27,6466,3
27,6689,2
27,6263,2
27,6429,1
27,5642,2
27,5684,3
27,5828,3
27,5838,2
27,5863,2
27,6377,1
27,6452,3
27,6742,3
27,6080,4
27,6489,4
27,5698,1
27,5731,3
27,5732,1
27,5733,2
27,6051,2
27,6258,3
27,6420,3
27,5723,3
27,5718,2
27,5720,3
27,5625,1
27,5808,3
27,5982,3
27,5643,1
27,5650,1
27,5656,2
27,5658,2
27,5664,2
27,5712,1
27,5814,2
27,5843,3
27,6091,2
27,6438,2
27,6522,1
27,6539,3
27,6541,2
27,6682,1
27,6727,2
27,6793,1
27,5604,2
27,5724,1
27,6274,3
27,6285,3
27,6313,1
27,6709,3
27,6725,1
27,6774,3
27,5576,2
27,5606,2
27,5666,2
27,5667,2
27,5668,1
27,5669,2
27,5672,2
27,5673,2
27,5675,1
27,5701,3
27,5703,3
27,5711,2
27,5754,2
27,5781,1
27,5793,1
27,5815,3
27,5824,2
27,5829,2
27,5839,2
27,5869,1
27,5914,2
27,5919,2
27,5922,2
27,5923,1
27,5929,1
27,5931,2
27,5935,2
27,5948,1
27,5958,1
27,5964,3
27,5970,2
27,6070,3
27,6238,2
27,6465,3
27,6500,1
27,6562,3
27,6756,1
27,6570,2
27,6629,2
27,6725,2
28,5636,1
28,5717,3
28,5717,2
28,5864,2
28,6766,2
28,5964,2
28,5674,2
28,5700,2
28,5755,3
28,5775,3
28,5806,3
28,5928,1
28,6609,2
28,6677,3
29,5779,2
29,5804,3
29,6205,2
29,5674,1
29,5700,1
29,5755,1
29,5775,2
29,5806,3
29,5928,3
29,6609,2
29,6677,2
29,6742,2
29,5912,3
29,5923,4
29,5936,5
29,6294,3
29,5613,1
29,5680,1
29,5705,2
29,5813,1
29,5862,2
29,5948,1
29,6148,1
29,6362,1
29,6690,2
29,6733,2
29,5738,1
29,5841,3
29,5855,3
29,6068,3
29,6125,1
29,6127,2
29,5960,3
29,6575,2
29,5596,1
29,5614,2
29,5954,2
29,5983,1
29,6220,3
29,6129,2
29,5613,3
29,5625,3
29,6007,3
29,5587,2
29,5627,2
29,5641,2
29,5673,2
29,5728,1
29,5758,3
29,5762,1
29,5784,3
29,5785,3
29,5787,2
29,5845,2
29,5892,1
29,5896,2
29,5925,2
29,6148,2
29,6168,2
29,6169,2
29,6209,3
29,6217,3
29,6269,3
29,6311,1
29,6340,1
29,6375,2
29,6381,2
29,6415,2
29,6424,1
29,6448,3
29,6453,2
29,6467,3
29,6486,3
29,6520,1
29,6526,1
29,6574,1
29,6577,1
29,6587,3
29,6632,1
29,6782,1
29,6797,1
29,6064,2
29,6069,1
29,6254,2
29,6281,3
29,6359,3
29,6660,1
29,5649,3
29,5825,2
29,5938,3
29,5975,2
29,5978,2
29,6163,1
29,6288,2
29,6320,1
29,6331,1
29,6337,2
29,6338,2
29,6345,3
29,6352,1
29,6404,2
29,6497,1
29,6512,2
29,6586,3
29,6613,2
29,6614,2
29,6627,1
29,6635,2
29,6668,3
29,6715,3
29,6761,3
29,6064,3
29,6221,2
29,6772,3
29,5727,1
29,6207,3
29,5635,3
29,6253,3
29,6367,1
29,6642,3
29,6211,3
29,6383,2
29,5631,2
29,5652,3
29,5880,1
29,5930,3
29,6213,1
29,6313,2
29,6341,2
29,6354,1
29,6363,3
29,6365,3
29,6374,3
29,6402,1
29,6693,2
29,5714,1
29,5964,2
29,6116,2
29,6645,1
29,6157,3
29,6249,3
29,6318,3
29,6359,2
29,6483,1
29,6007,3
29,5595,3
29,5604,1
29,6045,2
29,6219,3
29,6024,4
29,6227,3
30,6219,1
30,5907,4
30,6013,3
30,6342,4
30,6347,5
30,6144,2
31,5727,3
31,6207,1
31,5587,1
31,5627,3
31,5641,3
31,5673,2
31,5728,1
31,5758,3
31,5762,2
31,5784,1
31,5785,3
31,5787,3
31,5845,2
31,5892,2
31,5896,1
31,5925,1
31,6148,2
31,6168,1
31,6169,2
31,6209,1
31,6217,2
31,6269,3
31,6311,2
31,6340,3
31,6375,3
31,6381,1
31,6415,2
31,6424,3
31,6448,1
31,6453,3
31,6467,2
31,6486,1
31,6520,2
31,6526,3
31,6574,1
31,6577,1
31,6587,2
31,6632,3
31,6782,2
31,6797,1
31,5612,4
31,5664,3
31,5727,4
31,5907,5
31,6013,4
31,6207,4
31,6321,4
31,6342,4
31,6347,4
31,6579,4
31,6595,4
31,5643,3
31,5650,2
31,5656,2
31,5658,1
31,5664,1
31,5712,3
31,5814,2
31,5843,3
31,6091,1
31,6438,1
31,6522,2
31,6539,3
31,6541,3
31,6682,3
31,6727,1
31,6793,3
31,6237,2
31,5630,2
31,5782,2
31,5585,4
31,6056,4
31,5604,2
31,5724,2
31,6274,3
31,6285,2
31,6313,1
31,6709,2
31,6725,1
31,6774,1
31,5612,5
31,5647,3
31,5648,3
31,5650,5
31,5653,4
31,5752,3
31,5871,3
31,5940,3
31,5952,3
31,6362,3
31,6472,5
31,6547,4
31,6688,4
31,6780,4
31,6787,3
31,5612,1
31,6472,2
31,5828,2
31,6597,1
31,6600,2
31,6622,1
31,6658,2
31,6744,3
31,6757,1
31,6778,1
32,5612,3
32,5664,3
32,5727,3
32,5907,3
32,6013,1
32,6207,1
32,6321,2
32,6342,3
32,6347,3
32,6579,2
32,6595,3
32,5643,2
32,5650,3
32,5656,2
32,5658,3
32,5664,2
32,5712,2
32,5814,3
32,5843,2
32,6091,2
32,6438,2
32,6522,2
32,6539,3
32,6541,3
32,6682,2
32,6727,2
32,6793,1
32,6237,3
32,5630,1
32,5782,3
32,5612,4
32,6579,4
32,6595,3
32,6184,1
32,5612,4
32,5647,4
32,5648,4
32,5650,4
32,5653,4
32,5752,3
32,5871,5
32,5940,3
32,5952,4
32,6362,4
32,6472,3
32,6547,3
32,6688,3
32,6780,4
32,6787,4
32,5612,1
32,6472,2
32,5828,1
32,6597,2
32,6600,2
32,6622,3
32,6658,1
32,6744,3
32,6757,2
32,6778,2
33,5574,3
33,5583,2
33,5608,1
33,5642,1
33,5684,1
33,5699,2
33,5757,1
33,5767,2
33,5796,1
33,5798,1
33,5822,1
33,5827,3
33,5828,1
33,5833,3
33,5838,2
33,5840,1
33,5842,2
33,5849,1
33,5859,3
33,5874,2
33,5900,2
33,5917,3
33,5963,2
33,6170,2
33,6200,1
33,6270,1
33,6291,1
33,6329,1
33,6396,2
33,6429,2
33,6578,2
33,6615,2
33,6623,1
33,6655,1
33,6662,1
33,6672,1
33,6704,1
33,6773,2
33,6783,2
33,6786,2
33,6495,3
33,5915,3
33,5959,1
33,5965,2
33,6043,2
33,6274,3
33,6540,1
33,6567,3
33,6750,3
33,5684,2
33,5900,4
33,5642,5
33,5684,3
33,5828,4
33,5838,5
33,5863,5
33,6377,3
33,6452,3
33,5579,1
33,5586,2
33,6206,1
33,6787,1
33,6080,3
33,6489,3
33,5613,2
33,5680,1
33,5705,3
33,5813,1
33,5862,3
33,5948,1
33,6148,2
33,6362,1
33,6690,3
33,6733,1
33,5738,3
33,6071,2
33,6145,3
33,6167,2
33,6222,1
33,6732,3
33,6743,2
33,6754,1
33,5960,2
33,6575,3
33,5922,2
33,6631,1
33,6771,3
33,6225,3
33,6280,2
33,6411,1
33,6481,2
33,5631,2
33,5652,3
33,5880,3
33,5930,2
33,6213,3
33,6313,2
33,6341,2
33,6354,3
33,6363,2
33,6365,3
33,6374,2
33,6402,2
33,5995,2
33,6164,1
33,6424,3
33,6076,2
33,6216,2
33,6309,2
33,6453,2
33,5749,2
33,5895,2
33,5944,2
33,6016,3
33,6160,3
33,6233,1
33,6243,3
33,6280,3
33,6289,2
33,6298,2
33,6325,1
33,6326,2
33,6355,3
33,6446,1
33,6456,3
33,6458,1
33,6464,2
33,6515,3
33,6518,3
33,6521,2
33,6629,1
33,6679,1
33,5575,3
33,5610,1
33,5613,3
33,5625,2
33,5611,3
33,5622,2
33,5836,2
33,6317,3
33,6671,2
33,5613,2
33,5625,2
33,5625,3
33,5808,3
33,5649,3
33,6193,1
33,5714,3
33,5788,3
33,5864,1
33,6766,2
33,5886,2
33,5903,2
33,6133,1
33,6368,2
33,5904,3
33,5939,2
33,5964,2
33,5973,2
33,6116,1
33,6437,2
33,6645,1
33,5974,2
33,6037,3
33,6090,2
33,6121,2
33,6142,3
33,6121,3
33,6142,2
33,6132,1
33,6219,1
33,6223,2
33,6233,2
33,6454,1
33,6406,1
33,6470,3
33,6472,2
33,6483,3
33,6496,2
33,5691,4
33,5710,5
33,6261,4
33,6721,4
33,5680,3
33,5705,3
33,5813,2
33,5862,3
33,5948,3
33,6148,1
33,6362,2
33,6733,1
33,6261,3
33,6350,2
33,6100,1
34,6184,3
34,5604,1
34,5724,3
34,6274,2
34,6285,3
34,6313,3
34,6709,2
34,6725,1
34,6774,2
34,6742,2
35,6007,1
35,5587,2
35,5627,2
35,5641,3
35,5673,2
35,5728,2
35,5758,2
35,5762,1
35,5784,1
35,5785,1
35,5787,1
35,5845,3
35,5892,1
35,5896,3
35,5925,2
35,6148,2
35,6168,2
35,6169,2
35,6209,2
35,6217,3
35,6269,1
35,6311,2
35,6340,3
35,6375,3
35,6381,2
35,6415,3
35,6424,2
35,6448,3
35,6453,3
35,6467,1
35,6486,2
35,6520,2
35,6526,3
35,6574,3
35,6577,2
35,6587,1
35,6632,2
35,6782,3
35,6797,3
35,5680,4
35,5705,4
35,5813,3
35,5862,4
35,5948,3
35,6148,4
35,6362,5
35,6733,4
35,6055,1
35,6242,1
35,5779,3
35,5804,3
35,6205,3
35,5691,2
35,5710,2
35,6261,2
35,6721,1
35,5634,1
35,5659,1
35,5610,3
35,6007,3
35,5595,2
35,5604,2
35,6045,3
35,6219,3
35,6024,3
35,6227,1
36,5635,4
36,6253,5
36,5779,1
36,5804,3
36,6205,2
36,5637,1
36,5708,1
36,5880,1
36,6328,1
36,6430,2
36,6681,3
36,6753,1
36,5604,3
36,5724,2
36,6274,2
36,6285,1
36,6313,2
36,6709,3
36,6725,1
36,6774,2
36,5628,3
36,5634,2
36,5635,2
36,5654,1
36,5676,1
36,5708,2
36,5908,1
36,6147,2
36,6149,2
36,6152,1
36,6154,2
36,6214,2
36,6230,3
36,6236,3
36,6245,2
36,6299,2
36,6302,3
36,6339,2
36,6343,2
36,6346,3
36,6348,1
36,6351,3
36,6364,1
36,6374,3
36,6385,1
36,6405,3
36,6430,3
36,6482,2
36,6516,3
36,6517,3
36,6544,3
36,6569,1
36,6610,2
36,6620,3
36,6634,3
36,6638,3
36,6647,2
36,6648,3
36,6653,3
36,6659,3
36,6700,1
36,5828,1
36,6597,1
36,6600,2
36,6622,2
36,6658,1
36,6744,3
36,6757,2
36,6778,2
36,5680,4
36,5705,5
36,5813,4
36,5862,5
36,5948,4
36,6148,5
36,6362,5
36,6733,4
36,6055,1
36,6242,2
36,5691,2
36,5710,1
36,6261,1
36,6721,1
36,5634,2
36,5659,3
36,5610,3
36,5638,3
36,5725,3
36,5875,3
36,5989,5
36,6653,3
36,5617,2
36,5749,3
36,5848,1
36,5873,3
36,5882,3
36,5893,3
36,5941,2
36,5942,3
36,5945,1
36,5946,2
36,6160,2
36,6196,3
36,6205,3
36,6210,2
36,6229,3
36,6248,3
36,6251,1
36,6252,2
36,6287,1
36,6289,2
36,6296,2
36,6323,2
36,6330,2
36,6358,2
36,6380,2
36,6390,2
36,6435,1
36,6451,3
36,6460,2
36,6499,2
36,6501,2
36,6502,1
36,6504,1
36,6505,3
36,6508,3
36,6509,1
36,6518,3
36,6521,1
36,6570,3
36,6581,3
36,6617,2
36,6629,1
36,6649,2
36,6674,2
36,6687,1
36,6725,2
36,6734,2
36,6744,1
36,6495,2
36,5635,1
36,5791,3
36,5846,3
36,6083,3
36,6753,2
36,5694,2
36,6384,1
36,6442,2
36,6468,2
36,6637,1
36,6741,1
36,6746,3
36,5588,2
36,6234,2
36,6327,3
36,6379,3
36,6387,2
36,6685,2
36,6686,3
36,5768,2
36,5972,1
36,6698,2
36,6211,1
36,6383,2
36,5624,1
36,5680,3
36,5763,1
36,5903,2
36,6133,3
36,6368,1
36,5633,1
36,6165,2
36,6449,2
36,5631,1
36,5652,2
36,5880,2
36,5930,3
36,6213,1
36,6313,3
36,6341,1
36,6354,1
36,6363,1
36,6365,3
36,6374,3
36,6402,3
36,5636,3
36,6791,3
36,6143,5
36,5629,4
36,5629,5
37,5584,2
37,6055,2
37,6242,1
37,5922,2
37,6631,1
37,6771,1
37,5584,3
37,6071,1
37,5604,1
37,5724,1
37,6274,3
37,6285,2
37,6313,1
37,6709,1
37,6725,2
37,6774,2
37,6545,3
37,6583,3
37,6591,2
37,6660,3
37,6154,4
37,6024,4
37,5591,3
37,5828,1
37,6597,1
37,6600,1
37,6622,2
37,6658,2
37,6744,2
37,6757,1
37,6778,1
37,5642,2
37,5684,1
37,5828,2
37,5838,1
37,5863,2
37,6377,2
37,6452,2
37,5588,1
37,6234,1
37,6327,3
37,6379,2
37,6387,2
37,6685,3
37,6686,2
38,6728,3
38,6116,3
38,6645,1
39,5867,4
39,5617,2
39,5749,3
39,5848,2
39,5873,2
39,5882,2
39,5893,1
39,5941,1
39,5942,2
39,5945,1
39,5946,3
39,6160,3
39,6196,2
39,6205,3
39,6210,3
39,6229,2
39,6248,3
39,6251,3
39,6252,2
39,6287,2
39,6289,1
39,6296,2
39,6323,3
39,6330,2
39,6358,1
39,6380,3
39,6390,1
39,6435,3
39,6451,3
39,6460,3
39,6499,2
39,6501,2
39,6502,1
39,6504,3
39,6505,2
39,6508,3
39,6509,1
39,6518,2
39,6521,1
39,6570,3
39,6581,2
39,6617,2
39,6629,3
39,6649,2
39,6674,2
39,6687,2
39,6725,2
39,6734,1
39,6744,2
39,5679,1
39,6225,2
39,6280,3
39,6411,3
39,6481,1
39,6264,2
39,6765,2
39,5828,2
39,6597,1
39,6600,2
39,6622,2
39,6658,1
39,6744,2
39,6757,1
39,6778,2
39,5698,3
39,5731,3
39,5732,5
39,5733,3
39,6420,5
39,6261,1
39,6350,1
39,5698,3
39,5731,4
39,5732,3
39,5733,5
39,6051,5
39,6258,3
39,6420,4
39,6080,1
39,6489,1
39,5624,2
39,5680,2
39,5763,2
39,5604,2
39,5724,3
39,6274,3
39,6285,2
39,6313,1
39,6709,3
39,6725,2
39,6774,2
39,5868,3
39,6369,2
39,6397,1
39,5680,3
39,5705,3
39,5813,3
39,5862,5
39,5948,4
39,6148,4
39,6362,3
39,6733,5
39,6055,2
39,6242,3
39,5779,2
39,5804,3
39,6205,3
39,5691,3
39,5710,2
39,6261,3
39,6721,2
39,5634,3
39,5659,2
39,5610,2
39,5591,3
39,6116,3
39,6645,2
39,6100,4
39,5831,1
39,6495,1
39,5677,1
39,6090,1
39,5693,4
39,6074,4
39,5723,4
39,6071,5
39,5642,1
39,5684,1
39,5828,2
39,5838,2
39,5863,1
39,6377,1
39,6452,3
39,6545,3
39,6583,1
39,6591,3
39,6660,2
39,5584,1
39,5588,2
39,6234,1
39,6327,2
39,6379,2
39,6387,2
39,6685,1
39,6686,2
39,6032,2
39,6257,5
39,5922,4
39,6631,4
39,6771,4
39,5740,3
39,5584,2
39,5674,1
39,5700,2
39,5755,2
39,5775,1
39,5806,3
39,5928,1
39,6609,1
39,6677,3
39,5995,2
39,6164,1
39,6424,2
39,5651,3
39,6215,2
39,6532,3
39,6554,2
40,5773,3
40,5753,1
40,5604,2
40,5724,1
40,6274,2
40,6285,3
40,6313,1
40,6709,2
40,6725,1
40,6774,3
40,6552,2
41,5613,1
41,5680,1
41,5705,2
41,5813,1
41,5862,2
41,5948,3
41,6148,1
41,6362,1
41,6690,1
41,6733,1
41,5912,2
41,5923,1
41,5936,3
41,6294,3
41,5642,1
41,5684,1
41,5828,2
41,5838,1
41,5863,2
41,6377,2
41,6452,2
41,5831,2
41,5961,3
41,5831,2
41,5961,2
41,5828,1
41,6597,2
41,6600,3
41,6622,2
41,6658,1
41,6744,3
41,6757,1
41,6778,2
41,5624,4
41,5680,4
41,5763,4
41,5740,2
41,5698,2
41,5731,2
41,5732,2
41,5733,1
41,6051,2
41,6258,2
41,6420,2
41,5674,3
41,5700,1
41,5755,1
41,5775,1
41,5806,3
41,5928,3
41,6609,3
41,6677,2
41,5619,3
41,6225,1
41,6373,2
41,6709,3
41,5587,1
41,5627,3
41,5641,2
41,5673,3
41,5728,2
41,5758,2
41,5762,2
41,5784,1
41,5785,1
41,5787,2
41,5845,3
41,5892,1
41,5896,2
41,5925,2
41,6148,3
41,6168,1
41,6169,3
41,6209,3
41,6217,1
41,6269,1
41,6311,3
41,6340,1
41,6375,1
41,6381,2
41,6415,3
41,6424,2
41,6448,2
41,6453,1
41,6467,1
41,6486,1
41,6520,3
41,6526,1
41,6574,2
41,6577,1
41,6587,1
41,6632,1
41,6782,2
41,6797,2
41,6178,2
41,6407,1
41,5604,3
41,5724,2
41,6274,2
41,6285,3
41,6313,2
41,6709,2
41,6725,1
41,6774,1
41,5613,3
41,5625,4
41,6545,2
41,6583,3
41,6591,1
41,6660,1
41,5613,2
41,5625,3
41,5610,1
41,5613,3
41,5625,1
42,5642,3
42,5684,1
42,5828,1
42,5838,2
42,5863,3
42,6377,3
42,6452,2
42,5604,2
42,5724,2
42,6274,3
42,6285,2
42,6313,3
42,6709,1
42,6725,2
42,6774,1
42,5761,4
42,5909,4
42,5960,5
42,6377,3
42,5674,2
42,5700,2
42,5755,2
42,5775,1
42,5806,1
42,5928,2
42,6609,2
42,6677,3
42,5922,4
42,6631,4
42,6771,4
42,5740,2
42,5584,3
42,5995,2
42,6164,2
42,6424,1
42,5651,1
42,6215,1
42,6532,1
42,6554,3
42,5828,1
42,6597,1
42,6600,2
42,6622,2
42,6658,3
42,6744,2
42,6757,1
42,6778,3
42,6100,5
42,5691,2
42,5710,3
42,6261,2
42,6721,1
42,5698,2
42,5731,2
42,5732,3
42,5733,2
42,6051,1
42,6258,2
42,6420,1
42,5909,4
43,6490,1
43,6495,2
43,6711,3
43,5588,2
43,6234,2
43,6327,3
43,6379,1
43,6387,2
43,6685,1
43,6686,2
43,6367,4
43,6642,4
43,6417,3
43,5854,3
43,5749,4
43,5895,5
43,5944,4
43,6016,4
43,6160,5
43,6233,4
43,6243,4
43,6280,4
43,6289,4
43,6298,4
43,6325,5
43,6326,5
43,6355,4
43,6446,5
43,6456,4
43,6458,3
43,6464,3
43,6515,3
43,6518,4
43,6521,4
43,6629,4
43,6679,3
43,5617,3
43,5749,1
43,5848,2
43,5873,2
43,5882,3
43,5893,3
43,5941,2
43,5942,3
43,5945,1
43,5946,2
43,6160,2
43,6196,1
43,6205,1
43,6210,2
43,6229,1
43,6248,1
43,6251,2
43,6252,1
43,6287,1
43,6289,2
43,6296,1
43,6323,1
43,6330,1
43,6358,3
43,6380,2
43,6390,1
43,6435,2
43,6451,2
43,6460,1
43,6499,2
43,6501,1
43,6502,2
43,6504,3
43,6505,1
43,6508,3
43,6509,3
43,6518,1
43,6521,2
43,6570,1
43,6581,2
43,6617,3
43,6629,1
43,6649,3
43,6674,1
43,6687,2
43,6725,2
43,6734,1
43,6744,3
43,5642,1
43,5684,1
43,5828,3
43,5838,1
43,5863,1
43,6377,3
43,6452,3
43,5589,2
43,5621,3
43,5749,2
43,6582,3
43,6679,2
43,6789,1
43,5828,3
43,6597,2
43,6600,3
43,6622,2
43,6658,2
43,6744,2
43,6757,1
43,6778,2
43,6116,3
43,6645,4
43,6728,3
43,5835,1
43,6506,2
43,6678,1
43,6735,4
43,5604,2
43,5724,1
43,6274,1
43,6285,2
43,6313,1
43,6709,1
43,6725,1
43,6774,2
43,6223,2
43,6233,3
43,6454,2
44,5852,2
44,6495,2
44,5982,1
44,5577,3
44,5732,3
44,6032,1
44,6144,3
44,6273,1
44,6742,2
44,6226,4
44,5604,2
44,5724,3
44,6274,1
44,6285,3
44,6313,1
44,6709,1
44,6725,2
44,6774,1
45,6211,3
45,6383,1
45,5624,2
45,5680,2
45,5763,3
45,5903,2
45,6133,2
45,6368,2
45,5587,3
45,5627,2
45,5641,1
45,5673,2
45,5728,3
45,5758,3
45,5762,2
45,5784,2
45,5785,2
45,5787,3
45,5845,2
45,5892,3
45,5896,3
45,5925,2
45,6148,1
45,6168,3
45,6169,2
45,6209,1
45,6217,3
45,6269,3
45,6311,2
45,6340,3
45,6375,3
45,6381,2
45,6415,1
45,6424,2
45,6448,2
45,6453,3
45,6467,1
45,6486,1
45,6520,3
45,6526,3
45,6574,1
45,6577,2
45,6587,2
45,6632,2
45,6782,1
45,6797,3
45,5599,2
45,5828,2
45,6597,2
45,6600,1
45,6622,1
45,6658,1
45,6744,1
45,6757,1
45,6778,2
45,5642,1
45,5684,1
45,5828,1
45,5838,3
45,5863,2
45,6377,3
45,6452,3
45,5604,3
45,5724,3
45,6274,3
45,6285,1
45,6313,1
45,6709,3
45,6725,1
45,6774,1
46,5841,2
46,5855,3
46,6068,3
46,6125,1
46,6127,3
46,5912,3
46,5923,1
46,5936,1
46,6294,2
46,5604,1
46,5724,2
46,6274,3
46,6285,2
46,6313,2
46,6709,3
46,6725,3
46,6774,2
46,5642,1
46,5684,2
46,5828,3
46,5838,2
46,5863,2
46,6377,1
46,6452,1
46,5828,3
46,6597,2
46,6600,1
46,6622,3
46,6658,2
46,6744,1
46,6757,2
46,6778,1
46,6496,3
46,5911,5
46,5738,2
47,6005,3
47,6554,2
47,6628,3
47,6748,1
47,5828,3
47,6597,2
47,6600,3
47,6622,2
47,6658,2
47,6744,1
47,6757,3
47,6778,1
47,6005,4
47,6318,5
47,6359,5
47,6554,5
47,6628,4
47,6651,4
47,6748,3
48,6244,2
48,5604,2
48,5724,2
48,6274,2
48,6285,2
48,6313,2
48,6709,3
48,6725,1
48,6774,3
48,6244,3
48,5779,1
48,5804,1
48,6205,2
48,5688,3
48,5795,3
48,5878,2
48,5883,1
48,5898,2
48,5901,3
48,5902,2
48,5913,2
48,5932,1
48,6218,1
48,6241,1
48,6268,3
48,6344,1
48,6422,1
48,6444,3
48,6462,2
48,6463,1
48,6556,2
48,6564,3
48,6573,2
48,6596,2
48,6603,1
48,6605,1
48,6619,2
48,6625,2
48,6626,2
48,6749,3
48,6191,2
48,5642,2
48,5684,3
48,5828,3
48,5838,3
48,5863,2
48,6377,1
48,6452,2
48,5704,3
48,6175,3
48,6222,3
48,5828,1
48,6597,2
48,6600,1
48,6622,3
48,6658,1
48,6744,2
48,6757,2
48,6778,1
48,6406,1
48,5912,3
48,5923,3
48,5936,1
48,6294,2
48,5911,4
48,5738,3
49,5674,3
49,5700,2
49,5755,1
49,5775,2
49,5806,3
49,5928,1
49,6609,2
49,6677,3
49,6495,3
49,5624,3
49,5680,1
49,5763,2
49,5922,3
49,6631,2
49,6771,2
49,5779,2
49,5804,3
49,5806,3
49,5867,3
49,5620,3
49,5800,2
49,6086,1
49,6219,1
49,6759,2
49,5995,5
49,6164,3
49,6424,3
49,6490,2
49,6495,2
49,6711,2
49,5642,1
49,5684,2
49,5828,3
49,5838,3
49,5863,1
49,6377,2
49,6452,3
49,5828,3
49,6597,3
49,6600,3
49,6622,3
49,6658,2
49,6744,3
49,6757,2
49,6778,2
50,5642,2
50,5684,2
50,5828,2
50,5838,2
50,5863,1
50,6377,2
50,6452,1
50,5604,2
50,5724,3
50,6274,2
50,6285,2
50,6313,1
50,6709,1
50,6725,2
50,6774,1
50,5828,1
50,6597,1
50,6600,1
50,6622,1
50,6658,2
50,6744,3
50,6757,3
50,6778,3
50,5904,3
51,5810,2
51,5850,2
51,6265,1
52,5916,1
52,6742,2
53,5643,3
53,5650,1
53,5656,1
53,5658,2
53,5664,2
53,5712,2
53,5814,3
53,5843,1
53,6091,1
53,6438,2
53,6522,1
53,6539,2
53,6541,3
53,6682,2
53,6727,2
53,6793,2
53,5612,3
53,5664,3
53,5727,1
53,5907,3
53,6013,2
53,6207,3
53,6321,2
53,6342,1
53,6347,3
53,6579,2
53,6595,2
53,5688,1
53,5795,1
53,5878,2
53,5883,2
53,5898,3
53,5901,2
53,5902,2
53,5913,2
53,5932,1
53,6218,1
53,6241,2
53,6268,3
53,6344,2
53,6422,3
53,6444,2
53,6462,2
53,6463,1
53,6556,1
53,6564,2
53,6573,1
53,6596,2
53,6603,1
53,6605,3
53,6619,3
53,6625,3
53,6626,1
53,6749,2
53,6264,2
53,6765,2
53,5982,3
53,6144,2
53,5799,4
53,5949,3
53,5968,2
53,6166,2
53,6189,2
53,6260,1
53,6395,2
53,6493,1
53,6608,2
53,6686,1
53,6393,2
53,5744,4
53,5779,2
53,5804,3
53,6205,1
53,5630,1
53,5782,1
53,5828,2
53,6597,2
53,6600,1
53,6622,2
53,6658,3
53,6744,3
53,6757,2
53,6778,2
53,6301,5
53,6545,2
53,6583,2
53,6591,1
53,6660,2
53,5973,1
53,6116,3
53,6437,1
53,6645,2
53,6406,3
53,5746,2
53,5782,1
53,5800,1
53,5803,3
53,6742,3
54,5916,1
54,5831,3
54,5961,2
54,5831,3
54,5961,3
54,6151,4
54,5619,3
54,6225,2
54,6373,3
54,6709,3
54,5831,2
54,5894,3
54,6338,2
54,6742,1
54,5612,5
54,5647,4
54,5648,4
54,5650,3
54,5653,3
54,5752,4
54,5871,5
54,5940,4
54,5952,4
54,6362,4
54,6472,3
54,6547,5
54,6688,4
54,6780,4
54,6787,3
54,5612,3
54,6472,1
54,5828,1
54,6597,2
54,6600,1
54,6622,2
54,6658,2
54,6744,3
54,6757,1
54,6778,2
56,6490,2
56,6495,1
56,6711,1
56,5642,2
56,5684,1
56,5828,3
56,5838,2
56,5863,3
56,6377,2
56,6452,1
56,5615,2
56,6230,3
56,5633,3
56,6165,3
56,6449,2
56,5852,2
56,5604,2
56,5724,1
56,6274,3
56,6285,1
56,6313,3
56,6709,2
56,6725,1
56,6774,2
56,5982,3
56,5995,3
56,6164,2
56,6424,3
56,5828,1
56,6597,2
56,6600,2
56,6622,1
56,6658,1
56,6744,3
56,6757,3
56,6778,1
56,6144,2
56,6263,2
56,6429,2
56,6794,2
57,5574,1
57,5884,3
57,5604,3
57,5724,3
57,6274,2
57,6285,3
57,6313,3
57,6709,2
57,6725,2
57,6774,1
57,5574,4
57,5735,5
57,6396,4
57,5574,4
57,5867,4
57,5617,2
57,5749,2
57,5848,3
57,5873,2
57,5882,2
57,5893,1
57,5941,3
57,5942,1
57,5945,2
57,5946,3
57,6160,1
57,6196,1
57,6205,2
57,6210,3
57,6229,1
57,6248,2
57,6251,1
57,6252,2
57,6287,3
57,6289,2
57,6296,3
57,6323,1
57,6330,1
57,6358,1
57,6380,3
57,6390,2
57,6435,1
57,6451,1
57,6460,3
57,6499,1
57,6501,2
57,6502,3
57,6504,1
57,6505,2
57,6508,1
57,6509,2
57,6518,1
57,6521,2
57,6570,2
57,6581,1
57,6617,1
57,6629,1
57,6649,2
57,6674,3
57,6687,2
57,6725,2
57,6734,1
57,6744,1
57,5679,1
57,6225,2
57,6280,2
57,6411,1
57,6481,1
57,6264,3
57,6765,3
57,5828,1
57,6597,3
57,6600,2
57,6622,2
57,6658,3
57,6744,2
57,6757,2
57,6778,3
58,5616,3
58,5600,2
58,5704,2
58,5811,3
58,5885,1
58,5962,3
58,6143,2
58,6255,1
58,6382,3
58,6438,2
58,6475,1
58,6724,1
58,6076,3
58,6216,1
58,6309,3
58,5651,1
58,6215,1
58,6532,2
58,6554,1
58,6076,3
58,6121,2
58,6142,1
58,5604,3
58,5724,2
58,6274,2
58,6285,2
58,6313,3
58,6709,3
58,6725,1
58,6774,3
58,5588,2
58,6234,2
58,6327,3
58,6379,2
58,6387,3
58,6685,1
58,6686,1
58,5774,2
58,6474,1
58,6479,3
58,5616,4
59,6211,2
59,6383,2
59,5779,1
59,5804,1
59,6205,2
59,6273,2
60,6211,2
60,6383,2
60,5819,2
60,5961,2
60,6273,2
61,6032,2
61,6257,2
61,5779,3
61,5804,2
61,5806,1
61,5867,2
61,5588,2
61,6796,3
61,5604,2
61,5724,3
61,6274,2
61,6285,2
61,6313,1
61,6709,2
61,6725,3
61,6774,2
62,5619,4
62,6225,2
62,6373,4
62,6709,2
62,6157,1
62,5600,1
62,5704,1
62,5811,2
62,5885,1
62,5962,3
62,6143,3
62,6255,3
62,6382,1
62,6438,2
62,6475,2
62,6724,1
62,6151,3
62,5704,1
62,6175,1
62,6222,2
62,5624,3
62,5680,2
62,5763,2
62,6037,2
62,6145,5
62,6167,5
62,6222,3
62,6732,3
62,6743,4
62,6754,3
62,6055,3
62,6242,1
62,5642,2
62,5684,3
62,5828,1
62,5838,3
62,5863,3
62,6377,1
62,6452,2
62,5604,2
62,5724,2
62,6274,1
62,6285,1
62,6313,3
62,6709,2
62,6725,1
62,6774,1
62,5828,2
62,6597,1
62,6600,2
62,6622,1
62,6658,2
62,6744,2
62,6757,2
62,6778,3
62,5616,1
62,5746,3
62,6394,2
62,6543,1
62,5616,3
62,6676,1
62,6708,3
62,6742,2
62,5616,2
62,6076,5
62,5588,2
62,6234,2
62,6327,1
62,6379,2
62,6387,1
62,6685,2
62,6686,3
62,6470,1
63,6772,2
63,5642,2
63,5684,1
63,5828,2
63,5838,3
63,5863,2
63,6377,3
63,6452,1
63,5596,1
63,5614,1
63,5954,1
63,6220,2
63,5604,1
63,5724,3
63,6274,2
63,6285,2
63,6313,3
63,6709,2
63,6725,2
63,6774,2
63,5588,1
63,6234,3
63,6327,3
63,6379,2
63,6387,2
63,6685,3
63,6686,2
63,6472,2
63,5903,4
63,6133,4
63,6368,3
63,5828,1
63,6597,3
63,6600,2
63,6622,1
63,6658,2
63,6744,1
63,6757,1
63,6778,2
63,5740,4
63,5832,3
63,5887,3
63,6232,5
63,6472,5
63,6480,3
63,6524,4
63,6529,3
63,6538,3
63,6548,3
63,6549,3
63,6551,4
63,6560,4
63,6565,3
63,6580,4
63,6591,3
63,6601,5
63,6618,4
63,6640,5
63,6650,4
63,6669,5
63,6716,4
63,6722,4
63,6758,5
63,6767,3
63,6770,3
63,6545,1
63,6583,1
63,6591,3
63,6660,1
63,6529,3
64,5615,2
64,6230,2
64,6742,2
64,6184,3
64,5612,1
64,6579,1
64,6595,2
64,5596,2
64,5614,3
64,5954,1
64,5983,3
64,6220,2
64,5634,5
64,5659,3
64,5680,2
64,5705,2
64,5813,1
64,5862,1
64,5948,3
64,6148,3
64,6362,1
64,6733,2
64,5613,3
64,5680,1
64,5705,1
64,5813,3
64,5862,1
64,5948,2
64,6148,2
64,6362,3
64,6690,3
64,6733,1
64,5828,2
64,6597,3
64,6600,2
64,6622,1
64,6658,2
64,6744,1
64,6757,1
64,6778,1
65,5635,1
65,5715,2
65,5791,2
65,5846,2
65,5854,2
65,6083,2
65,6262,2
65,6303,2
65,6305,2
65,6753,3
65,5635,4
65,5791,4
65,5846,4
65,6083,4
65,6753,4
65,5638,2
65,5725,3
65,5875,2
65,5989,2
65,6653,1
65,5637,1
65,5708,2
65,5880,1
65,6328,3
65,6430,2
65,6681,1
65,6753,1
65,6545,2
65,6583,3
65,6591,2
65,6660,3
65,6791,4
65,6143,5
66,5704,3
66,6175,2
66,6222,2
66,5779,3
66,5804,2
66,6205,3
66,5619,3
66,6225,3
66,6373,2
66,6709,3
66,6087,2
66,5604,2
66,5724,1
66,6274,1
66,6285,1
66,6313,2
66,6709,2
66,6725,1
66,6774,2
66,5828,1
66,6597,2
66,6600,2
66,6622,3
66,6658,2
66,6744,2
66,6757,3
66,6778,1
66,6121,3
66,6142,3
66,6191,1
66,6495,1
66,5719,2
66,5741,2
66,5866,2
66,5988,2
66,6189,2
66,6195,1
66,6204,3
66,6224,1
66,6231,3
66,6241,3
66,6293,3
66,6301,3
66,6633,2
66,6646,2
66,6694,2
66,6264,3
66,6765,1
66,5779,2
66,5804,2
66,5806,2
66,5867,3
67,5579,1
67,5586,3
67,6206,1
67,6787,3
67,5779,1
67,5804,2
67,6205,1
67,5642,2
67,5684,1
67,5828,2
67,5838,2
67,5863,2
67,6377,1
67,6452,3
67,6237,1
67,5828,3
67,6597,3
67,6600,1
67,6622,3
67,6658,2
67,6744,1
67,6757,2
67,6778,1
67,6796,3
67,5688,3
67,5795,3
67,5878,4
67,5883,4
67,5898,4
67,5901,5
67,5902,3
67,5913,3
67,5932,4
67,6218,4
67,6241,4
67,6268,4
67,6344,4
67,6422,5
67,6444,4
67,6462,5
67,6463,4
67,6556,4
67,6564,4
67,6573,4
67,6596,3
67,6603,4
67,6605,4
67,6619,4
67,6625,3
67,6626,4
67,6749,4
67,6157,2
67,6244,2
67,5643,2
67,5650,3
67,5656,3
67,5658,3
67,5664,1
67,5712,2
67,5814,3
67,5843,1
67,6091,3
67,6438,2
67,6522,2
67,6539,2
67,6541,1
67,6682,2
67,6727,1
67,6793,2
67,5746,2
67,5782,1
67,5800,1
67,5803,3
67,6470,1
67,6301,3
67,6545,2
67,6583,1
67,6591,3
67,6660,1
67,5630,3
67,5782,3
67,5973,2
67,6116,2
67,6437,2
67,6645,3
67,6406,1
68,6087,2
68,5704,2
68,6175,1
68,6222,3
68,5604,3
68,5724,2
68,6274,3
68,6285,2
68,6313,1
68,6709,2
68,6725,2
68,6774,2
68,5588,3
68,6234,3
68,6327,1
68,6379,1
68,6387,3
68,6685,2
68,6686,2
69,5587,3
69,5627,1
69,5641,3
69,5673,3
69,5728,3
69,5758,1
69,5762,1
69,5784,3
69,5785,1
69,5787,3
69,5845,2
69,5892,3
69,5896,1
69,5925,3
69,6148,2
69,6168,1
69,6169,2
69,6209,2
69,6217,2
69,6269,2
69,6311,1
69,6340,2
69,6375,3
69,6381,3
69,6415,1
69,6424,3
69,6448,1
69,6453,2
69,6467,2
69,6486,1
69,6520,3
69,6526,3
69,6574,2
69,6577,2
69,6587,1
69,6632,3
69,6782,2
69,6797,3
69,6740,2
69,5694,1
69,6384,3
69,6442,2
69,6468,2
69,6637,2
69,6741,2
69,6746,1
69,6453,2
69,5868,2
69,6369,2
69,6397,2
69,5587,4
69,5627,4
69,5641,4
69,5673,3
69,5728,3
69,5758,4
69,5762,3
69,5784,3
69,5785,4
69,5787,3
69,5845,3
69,5892,3
69,5896,3
69,5925,5
69,6148,4
69,6168,4
69,6169,3
69,6209,4
69,6217,4
69,6269,4
69,6311,5
69,6340,3
69,6375,4
69,6381,5
69,6415,3
69,6424,5
69,6448,4
69,6453,4
69,6467,4
69,6486,3
69,6520,4
69,6526,4
69,6574,3
69,6577,4
69,6587,4
69,6632,3
69,6782,4
69,6797,4
69,5617,1
69,5749,2
69,5848,3
69,5873,2
69,5882,2
69,5893,1
69,5941,1
69,5942,3
69,5945,2
69,5946,1
69,6160,2
69,6196,1
69,6205,3
69,6210,2
69,6229,2
69,6248,1
69,6251,1
69,6252,1
69,6287,1
69,6289,2
69,6296,1
69,6323,2
69,6330,2
69,6358,3
69,6380,1
69,6390,1
69,6435,3
69,6451,3
69,6460,2
69,6499,2
69,6501,1
69,6502,1
69,6504,1
69,6505,1
69,6508,3
69,6509,3
69,6518,3
69,6521,1
69,6570,1
69,6581,2
69,6617,1
69,6629,2
69,6649,3
69,6674,3
69,6687,2
69,6725,1
69,6734,1
69,6744,2
69,5727,3
69,6207,3
69,5624,2
69,5680,3
69,5763,2
69,6545,2
69,6583,1
69,6591,1
69,6660,1
69,5576,3
69,5606,2
69,5666,2
69,5667,1
69,5668,3
69,5669,3
69,5672,3
69,5673,3
69,5675,2
69,5701,2
69,5703,1
69,5711,2
69,5754,3
69,5781,1
69,5793,2
69,5815,1
69,5824,2
69,5829,1
69,5839,1
69,5869,3
69,5914,2
69,5919,3
69,5922,1
69,5923,3
69,5929,2
69,5931,2
69,5935,2
69,5948,2
69,5958,1
69,5964,2
69,5970,2
69,6070,1
69,6238,1
69,6465,1
69,6500,3
69,6562,1
69,6756,2
69,5587,2
69,6416,3
69,6434,3
69,6762,3
69,6467,3
70,5589,2
70,5621,2
70,5749,1
70,6582,2
70,6679,1
70,6789,3
70,5617,2
70,5749,1
70,5848,2
70,5873,1
70,5882,1
70,5893,2
70,5941,3
70,5942,3
70,5945,1
70,5946,3
70,6160,1
70,6196,3
70,6205,3
70,6210,3
70,6229,2
70,6248,3
70,6251,1
70,6252,2
70,6287,2
70,6289,3
70,6296,3
70,6323,3
70,6330,2
70,6358,1
70,6380,2
70,6390,1
70,6435,2
70,6451,3
70,6460,3
70,6499,3
70,6501,2
70,6502,1
70,6504,2
70,6505,3
70,6508,1
70,6509,2
70,6518,3
70,6521,1
70,6570,2
70,6581,2
70,6617,1
70,6629,2
70,6649,2
70,6674,2
70,6687,2
70,6725,3
70,6734,2
70,6744,2
70,5749,3
70,5895,3
70,5944,2
70,6016,1
70,6160,3
70,6233,1
70,6243,2
70,6280,1
70,6289,3
70,6298,1
70,6325,1
70,6326,3
70,6355,2
70,6446,2
70,6456,3
70,6458,2
70,6464,2
70,6515,2
70,6518,1
70,6521,2
70,6629,1
70,6679,1
70,5854,2
70,6032,1
70,6735,2
70,5594,4
70,5626,3
70,5730,3
70,5882,4
70,6102,4
70,6103,4
70,6107,5
70,6319,3
70,6323,5
70,6379,3
70,6427,4
70,6433,5
70,6443,4
70,6459,5
70,6464,4
70,6476,3
70,6481,4
70,6484,3
70,6509,5
70,6593,4
70,6273,3
70,6417,2
70,6104,4
70,6178,4
70,6407,4
70,6490,3
70,6495,2
70,6711,2
70,6495,2
70,5624,1
70,5680,2
70,5763,2
70,6742,1
70,5995,5
70,6164,3
70,6424,4
70,5642,2
70,5684,1
70,5828,3
70,5838,2
70,5863,3
70,6377,2
70,6452,2
70,5922,2
70,6631,1
70,6771,2
70,5828,1
70,6597,1
70,6600,1
70,6622,2
70,6658,2
70,6744,3
70,6757,2
70,6778,2
71,5581,3
71,5655,2
71,5687,2
71,5870,2
71,5992,1
71,6017,3
71,6086,2
71,6150,2
71,6314,1
71,6472,1
71,6537,2
71,6571,3
71,6621,3
71,6656,3
71,6688,1
71,6697,2
71,6702,3
71,6759,2
71,5635,2
71,5791,1
71,5846,2
71,6083,2
71,6753,2
71,5628,3
71,5634,2
71,5635,2
71,5654,3
71,5676,2
71,5708,2
71,5908,2
71,6147,3
71,6149,1
71,6152,3
71,6154,2
71,6214,1
71,6230,1
71,6236,2
71,6245,1
71,6299,1
71,6302,1
71,6339,3
71,6343,3
71,6346,3
71,6348,2
71,6351,2
71,6364,2
71,6374,3
71,6385,2
71,6405,2
71,6430,2
71,6482,2
71,6516,2
71,6517,2
71,6544,2
71,6569,2
71,6610,1
71,6620,2
71,6634,3
71,6638,3
71,6647,3
71,6648,3
71,6653,1
71,6659,1
71,6700,2
71,5828,2
71,6597,3
71,6600,3
71,6622,2
71,6658,2
71,6744,3
71,6757,3
71,6778,3
71,5864,1
71,6766,1
72,5642,2
72,5684,3
72,5828,1
72,5838,2
72,5863,1
72,6377,2
72,6452,2
72,5604,1
72,5724,3
72,6274,2
72,6285,3
72,6313,1
72,6709,2
72,6725,3
72,6774,2
72,5588,2
72,6234,2
72,6327,2
72,6379,1
72,6387,3
72,6685,1
72,6686,2
72,5828,1
72,6597,2
72,6600,3
72,6622,3
72,6658,1
72,6744,2
72,6757,3
72,6778,1
72,6032,2
72,6394,3
72,6543,2
72,5922,4
72,6631,4
72,6771,4
72,5740,2
72,5584,3
72,5674,3
72,5700,1
72,5755,2
72,5775,3
72,5806,1
72,5928,2
72,6609,1
72,6677,3
72,5995,3
72,6164,1
72,6424,1
72,5651,3
72,6215,1
72,6532,2
72,6554,3
73,5617,1
73,5749,3
73,5848,1
73,5873,3
73,5882,1
73,5893,3
73,5941,2
73,5942,1
73,5945,2
73,5946,3
73,6160,2
73,6196,3
73,6205,1
73,6210,2
73,6229,2
73,6248,1
73,6251,1
73,6252,3
73,6287,2
73,6289,2
73,6296,2
73,6323,1
73,6330,3
73,6358,3
73,6380,1
73,6390,3
73,6435,2
73,6451,2
73,6460,1
73,6499,1
73,6501,1
73,6502,2
73,6504,3
73,6505,1
73,6508,3
73,6509,2
73,6518,3
73,6521,1
73,6570,2
73,6581,3
73,6617,2
73,6629,1
73,6649,3
73,6674,1
73,6687,1
73,6725,1
73,6734,3
73,6744,2
73,6178,1
73,6407,1
73,6264,2
73,6765,2
73,5604,1
73,5724,3
73,6274,2
73,6285,2
73,6313,1
73,6709,3
73,6725,3
73,6774,3
73,5776,2
73,5828,2
73,6597,2
73,6600,1
73,6622,3
73,6658,2
73,6744,2
73,6757,1
73,6778,2
73,6406,2
74,6076,3
74,6216,4
74,6309,4
74,5642,2
74,5684,3
74,5828,1
74,5838,2
74,5863,3
74,6377,1
74,6452,1
74,5616,2
74,5828,3
74,6597,2
74,6600,1
74,6622,2
74,6658,2
74,6744,1
74,6757,2
74,6778,1
74,6032,2
75,6261,1
75,6350,1
75,5691,3
75,5710,1
75,6261,1
75,6721,1
75,5698,2
75,5731,1
75,5732,1
75,5733,3
75,6420,2
75,6406,2
76,5604,2
76,5724,2
76,6274,1
76,6285,2
76,6313,2
76,6709,2
76,6725,3
76,6774,3
76,5595,3
76,5604,1
76,6045,2
76,5599,2
76,5618,4
76,5651,1
76,6215,1
76,6532,3
76,6554,1
77,5642,3
77,5684,2
77,5828,1
77,5838,2
77,5863,2
77,6377,2
77,6452,2
77,5576,3
77,5702,1
77,5742,2
77,5845,3
77,5779,3
77,5804,2
77,5806,3
77,5867,1
77,5828,2
77,6597,3
77,6600,1
77,6622,2
77,6658,2
77,6744,3
77,6757,3
77,6778,2
77,6256,2
77,6264,3
77,6765,3
77,5643,1
77,5650,3
77,5656,3
77,5658,2
77,5664,3
77,5712,2
77,5814,3
77,5843,1
77,6091,3
77,6438,2
77,6522,1
77,6539,1
77,6541,2
77,6682,3
77,6727,1
77,6793,1
77,6237,1
77,5576,3
77,5606,2
77,5666,1
77,5667,2
77,5668,3
77,5669,2
77,5672,2
77,5673,1
77,5675,1
77,5701,3
77,5703,2
77,5711,1
77,5754,1
77,5781,3
77,5793,2
77,5815,3
77,5824,2
77,5829,2
77,5839,1
77,5869,3
77,5914,3
77,5919,3
77,5922,3
77,5923,3
77,5929,3
77,5931,3
77,5935,1
77,5948,1
77,5958,2
77,5964,3
77,5970,3
77,6070,1
77,6238,2
77,6465,3
77,6500,3
77,6562,3
77,6756,1
77,5854,2
77,5867,2
77,6032,3
77,6495,3
77,5719,1
77,5741,3
77,5866,3
77,5988,2
77,6189,3
77,6195,1
77,6204,3
77,6224,2
77,6231,1
77,6241,3
77,6293,1
77,6301,3
77,6633,3
77,6646,2
77,6694,2
78,5616,1
79,5828,2
79,6597,2
79,6600,1
79,6622,2
79,6658,2
79,6744,2
79,6757,1
79,6778,2
79,6090,1
80,5915,1
80,5959,2
80,5965,3
80,6043,3
80,6274,3
80,6540,1
80,6567,2
80,6750,3
80,5595,3
80,5607,2
80,5739,1
80,5864,3
80,5915,3
80,5955,2
80,5959,2
80,5965,2
80,6043,1
80,6112,1
80,6274,1
80,6540,1
80,6567,2
80,6742,1
80,6750,1
80,6766,1
80,5574,2
80,5583,2
80,5608,3
80,5642,3
80,5684,2
80,5699,3
80,5757,3
80,5767,3
80,5796,1
80,5798,2
80,5822,2
80,5827,1
80,5828,3
80,5833,1
80,5838,2
80,5840,1
80,5842,2
80,5849,2
80,5859,3
80,5874,1
80,5900,1
80,5917,3
80,5963,2
80,6170,3
80,6200,2
80,6270,3
80,6291,2
80,6329,2
80,6396,1
80,6429,2
80,6578,1
80,6615,2
80,6623,3
80,6655,3
80,6662,2
80,6672,1
80,6704,3
80,6773,1
80,6783,3
80,6786,3
80,5740,1
80,5617,2
80,5749,1
80,5848,1
80,5873,1
80,5882,2
80,5893,1
80,5941,3
80,5942,2
80,5945,3
80,5946,2
80,6160,1
80,6196,2
80,6205,1
80,6210,2
80,6229,3
80,6248,3
80,6251,2
80,6252,3
80,6287,3
80,6289,3
80,6296,2
80,6323,3
80,6330,2
80,6358,1
80,6380,2
80,6390,1
80,6435,3
80,6451,2
80,6460,2
80,6499,1
80,6501,1
80,6502,1
80,6504,2
80,6505,3
80,6508,1
80,6509,2
80,6518,3
80,6521,3
80,6570,2
80,6581,1
80,6617,3
80,6629,2
80,6649,2
80,6674,1
80,6687,2
80,6725,2
80,6734,2
80,6744,2
80,5921,3
80,6173,2
80,6266,1
80,6376,3
80,6431,2
80,6519,1
80,6534,2
80,6676,3
80,5587,2
80,5627,1
80,5641,2
80,5673,2
80,5728,1
80,5758,2
80,5762,1
80,5784,3
80,5785,2
80,5787,3
80,5845,2
80,5892,3
80,5896,1
80,5925,2
80,6148,2
80,6168,3
80,6169,2
80,6209,1
80,6217,1
80,6269,1
80,6311,1
80,6340,2
80,6375,3
80,6381,2
80,6415,1
80,6424,3
80,6448,3
80,6453,3
80,6467,2
80,6486,2
80,6520,2
80,6526,2
80,6574,1
80,6577,1
80,6587,1
80,6632,2
80,6782,2
80,6797,1
80,5831,3
80,5961,1
80,6742,2
80,5606,5
80,5665,5
80,5674,5
80,5734,5
80,5762,5
80,5771,4
80,5780,3
80,5817,4
80,5821,5
80,5845,5
80,5857,3
80,5892,4
80,5963,4
80,5966,4
80,5969,4
80,5972,4
80,6239,4
80,6415,4
80,6535,5
80,6550,3
80,5779,2
80,5804,3
80,6205,3
80,5642,1
80,5770,2
80,5984,2
80,6584,1
80,6615,3
80,5751,3
80,5877,2
80,6416,1
80,6434,3
80,6762,2
80,5592,4
80,5597,4
80,5807,5
80,5604,3
80,5724,3
80,6274,2
80,6285,2
80,6313,2
80,6709,1
80,6725,2
80,6774,1
80,5964,4
80,5636,2
80,5717,1
80,5642,3
80,5684,3
80,5828,3
80,5838,2
80,5863,2
80,6377,3
80,6452,1
80,5588,2
80,6234,1
80,6327,3
80,6379,1
80,6387,2
80,6685,2
80,6686,2
80,5828,3
80,6597,1
80,6600,2
80,6622,2
80,6658,3
80,6744,2
80,6757,1
80,6778,3
80,5868,1
80,6369,3
80,6397,2
81,5753,3
81,5773,1
81,5604,1
81,5724,2
81,6274,1
81,6285,2
81,6313,2
81,6709,1
81,6725,2
81,6774,3
81,5674,1
81,5700,3
81,5755,2
81,5775,2
81,5806,1
81,5928,1
81,6609,2
81,6677,2
81,5922,4
81,6631,5
81,6771,5
81,5740,2
81,5642,2
81,5684,3
81,5828,1
81,5838,2
81,5863,3
81,6377,1
81,6452,3
81,5584,1
81,5995,3
81,6164,3
81,6424,2
81,5651,3
81,6215,3
81,6532,1
81,6554,1
81,5828,1
81,6597,3
81,6600,3
81,6622,3
81,6658,2
81,6744,3
81,6757,2
81,6778,3
81,6100,5
81,5691,3
81,5710,2
81,6261,1
81,6721,2
81,5698,3
81,5731,1
81,5732,3
81,5733,2
81,6051,2
81,6258,1
81,6420,1
82,6116,3
82,6645,2
83,6248,2
83,6451,2
83,6367,3
83,6642,3
83,5854,1
83,5749,3
83,5895,5
83,5944,3
83,6016,4
83,6160,3
83,6233,5
83,6243,3
83,6280,4
83,6289,4
83,6298,4
83,6325,4
83,6326,4
83,6355,5
83,6446,4
83,6456,4
83,6458,4
83,6464,3
83,6515,5
83,6518,3
83,6521,3
83,6629,4
83,6679,5
83,5617,1
83,5749,1
83,5848,3
83,5873,2
83,5882,1
83,5893,1
83,5941,1
83,5942,2
83,5945,2
83,5946,2
83,6160,2
83,6196,2
83,6205,3
83,6210,3
83,6229,3
83,6248,2
83,6251,1
83,6252,3
83,6287,2
83,6289,1
83,6296,2
83,6323,2
83,6330,1
83,6358,1
83,6380,1
83,6390,3
83,6435,1
83,6451,1
83,6460,2
83,6499,2
83,6501,2
83,6502,1
83,6504,1
83,6505,2
83,6508,3
83,6509,1
83,6518,2
83,6521,1
83,6570,1
83,6581,2
83,6617,2
83,6629,2
83,6649,1
83,6674,2
83,6687,1
83,6725,3
83,6734,2
83,6744,1
83,5642,1
83,5684,2
83,5828,1
83,5838,2
83,5863,1
83,6377,3
83,6452,3
83,5589,1
83,5621,1
83,5749,2
83,6582,3
83,6679,2
83,6789,1
83,5828,1
83,6597,2
83,6600,3
83,6622,1
83,6658,2
83,6744,1
83,6757,3
83,6778,2
84,5642,2
84,5684,2
84,5828,3
84,5838,2
84,5863,1
84,6377,1
84,6452,2
84,5828,1
84,6597,1
84,6600,3
84,6622,1
84,6658,2
84,6744,3
84,6757,2
84,6778,1
86,5912,3
86,5923,1
86,5936,2
86,6294,2
86,5615,2
86,6230,2
86,5810,2
86,5850,2
86,6265,2
86,5916,2
86,5828,3
86,6597,1
86,6600,2
86,6622,1
86,6658,1
86,6744,1
86,6757,1
86,6778,1
86,5642,3
86,5684,1
86,5828,2
86,5838,1
86,5863,2
86,6377,1
86,6452,1
86,5704,1
86,6175,3
86,6222,2
86,5688,1
86,5795,2
86,5878,2
86,5883,3
86,5898,3
86,5901,2
86,5902,2
86,5913,2
86,5932,2
86,6218,3
86,6241,2
86,6268,2
86,6344,1
86,6422,2
86,6444,1
86,6462,3
86,6463,2
86,6556,2
86,6564,3
86,6573,1
86,6596,1
86,6603,2
86,6605,1
86,6619,2
86,6625,1
86,6626,2
86,6749,1
86,5604,3
86,5724,2
86,6274,2
86,6285,2
86,6313,2
86,6709,1
86,6725,2
86,6774,2
86,6406,2
87,5631,3
87,5652,3
87,5880,1
87,5930,2
87,6213,1
87,6313,1
87,6341,3
87,6354,3
87,6363,3
87,6365,3
87,6374,2
87,6402,3
87,5779,2
87,5804,3
87,6205,2
87,5642,2
87,5684,3
87,5828,1
87,5838,1
87,5863,1
87,6377,1
87,6452,3
87,5637,3
87,5708,1
87,5880,1
87,6328,2
87,6430,2
87,6681,3
87,6753,2
87,5604,3
87,5724,3
87,6274,3
87,6285,3
87,6313,2
87,6709,2
87,6725,1
87,6774,1
87,5628,3
87,5634,3
87,5635,3
87,5654,3
87,5676,3
87,5708,2
87,5908,2
87,6147,2
87,6149,3
87,6152,2
87,6154,2
87,6214,1
87,6230,3
87,6236,1
87,6245,2
87,6299,3
87,6302,3
87,6339,2
87,6343,3
87,6346,1
87,6348,3
87,6351,1
87,6364,1
87,6374,2
87,6385,2
87,6405,1
87,6430,2
87,6482,1
87,6516,3
87,6517,2
87,6544,1
87,6569,1
87,6610,2
87,6620,2
87,6634,1
87,6638,2
87,6647,3
87,6648,3
87,6653,1
87,6659,1
87,6700,2
87,6394,2
87,6543,1
88,5604,1
88,5724,2
88,6274,2
88,6285,1
88,6313,2
88,6709,2
88,6725,3
88,6774,3
88,5606,4
88,5665,4
88,5674,5
88,5734,5
88,5762,4
88,5771,5
88,5780,3
88,5817,4
88,5821,3
88,5845,4
88,5857,3
88,5892,4
88,5963,5
88,5966,4
88,5969,4
88,5972,3
88,6239,4
88,6415,4
88,6535,5
88,6550,5
88,5779,2
88,5804,1
88,6205,3
88,5642,2
88,5770,1
88,5984,2
88,6584,3
88,6615,1
88,5751,1
88,5877,2
88,6416,3
88,6434,1
88,6762,2
89,5604,2
89,5610,2
89,5724,3
89,6274,2
89,6285,1
89,6313,2
89,6709,2
89,6714,3
89,6725,3
89,6774,1
89,6676,3
89,6708,4
89,6742,4
89,5604,4
89,5724,3
89,6274,4
89,6285,4
89,6313,3
89,6709,4
89,6725,4
89,6774,3
89,5740,1
89,5832,1
89,5887,2
89,6232,1
89,6472,1
89,6480,3
89,6524,2
89,6529,1
89,6538,1
89,6548,2
89,6549,2
89,6551,2
89,6560,2
89,6565,1
89,6580,3
89,6591,1
89,6601,2
89,6618,1
89,6640,2
89,6650,2
89,6669,2
89,6716,3
89,6722,3
89,6758,1
89,6767,2
89,6770,3
89,6064,2
89,6221,2
89,6772,3
89,5600,3
89,5704,1
89,5811,2
89,5885,3
89,5962,1
89,6143,3
89,6255,1
89,6382,2
89,6438,2
89,6475,2
89,6724,1
89,5635,2
89,6253,2
89,5698,2
89,5731,2
89,5732,2
89,5733,3
89,6051,1
89,6258,3
89,6420,1
89,5738,1
89,5585,1
89,6056,2
89,5773,1
89,5633,3
89,6165,2
89,6449,3
89,6226,2
89,5638,3
89,5725,2
89,5875,2
89,5989,1
89,6653,2
89,5841,2
89,5855,3
89,6068,1
89,6125,2
89,6127,1
89,6244,3
89,6244,3
89,5574,1
89,5884,2
89,6145,1
89,6167,3
89,6222,2
89,6732,1
89,6743,2
89,6754,1
89,5704,1
89,6175,1
89,6222,1
89,5960,1
89,6575,3
89,6087,3
89,5624,2
89,5680,2
89,5763,2
89,5922,3
89,6631,3
89,6771,3
89,5753,1
89,6076,3
89,5631,3
89,5652,3
89,5880,3
89,5930,3
89,6213,1
89,6313,3
89,6341,1
89,6354,3
89,6363,3
89,6365,1
89,6374,3
89,6402,1
89,5596,1
89,5614,2
89,5954,1
89,5983,2
89,6220,2
89,6219,2
89,6523,2
89,5982,3
89,6453,2
89,5577,3
89,5732,1
89,6032,2
89,5584,1
89,5592,1
89,5597,2
89,5807,3
89,5595,3
89,5610,2
89,5613,3
89,5625,3
89,5613,2
89,5625,2
89,5714,2
89,5788,2
89,5797,3
89,5865,1
89,5854,3
89,5886,2
89,5911,2
89,6132,3
89,6157,3
89,6223,2
89,6233,2
89,6454,3
89,6257,2
89,6273,2
89,6347,2
89,6406,3
89,6559,2
89,6735,1
89,6343,3
89,6345,4
89,6563,4
89,6662,4
89,5868,2
89,6369,2
89,6397,2
89,5740,1
89,5642,2
89,5684,3
89,5828,3
89,5838,1
89,5863,1
89,6377,3
89,6452,1
89,5584,3
89,5674,2
89,5700,3
89,5755,1
89,5775,2
89,5806,3
89,5928,1
89,6609,2
89,6677,2
89,5995,1
89,6164,2
89,6424,2
89,5651,3
89,6215,3
89,6532,3
89,6554,2
89,5828,1
89,6597,2
89,6600,3
89,6622,1
89,6658,1
89,6744,3
89,6757,1
89,6778,2
89,5894,3
89,6338,4
89,6151,2
89,6097,2
90,5596,2
90,5614,1
90,5954,2
90,5983,3
90,6220,2
90,5912,1
90,5923,2
90,5936,2
90,6294,1
90,5604,1
90,5724,3
90,6274,3
90,6285,3
90,6313,2
90,6709,2
90,6725,1
90,6774,2
90,6184,1
90,5828,2
90,6597,2
90,6600,2
90,6622,3
90,6658,1
90,6744,2
90,6757,1
90,6778,1
91,5740,1
91,5617,1
91,5749,1
91,5848,1
91,5873,3
91,5882,3
91,5893,3
91,5941,3
91,5942,2
91,5945,3
91,5946,2
91,6160,1
91,6196,1
91,6205,2
91,6210,1
91,6229,2
91,6248,2
91,6251,1
91,6252,2
91,6287,3
91,6289,1
91,6296,1
91,6323,3
91,6330,3
91,6358,3
91,6380,1
91,6390,3
91,6435,2
91,6451,1
91,6460,2
91,6499,1
91,6501,3
91,6502,1
91,6504,2
91,6505,1
91,6508,2
91,6509,2
91,6518,3
91,6521,1
91,6570,3
91,6581,2
91,6617,3
91,6629,2
91,6649,3
91,6674,1
91,6687,3
91,6725,3
91,6734,1
91,6744,1
91,5921,2
91,6173,1
91,6266,2
91,6376,2
91,6431,1
91,6519,3
91,6534,1
91,6676,3
91,5587,2
91,5627,2
91,5641,1
91,5673,3
91,5728,3
91,5758,2
91,5762,2
91,5784,1
91,5785,1
91,5787,2
91,5845,2
91,5892,1
91,5896,2
91,5925,2
91,6148,2
91,6168,1
91,6169,2
91,6209,1
91,6217,2
91,6269,2
91,6311,1
91,6340,3
91,6375,2
91,6381,3
91,6415,3
91,6424,2
91,6448,1
91,6453,1
91,6467,2
91,6486,3
91,6520,3
91,6526,2
91,6574,1
91,6577,3
91,6587,3
91,6632,3
91,6782,2
91,6797,2
91,5831,3
91,5961,2
91,6742,3
91,5604,1
91,5724,1
91,6274,3
91,6285,3
91,6313,2
91,6709,2
91,6725,2
91,6774,3
91,5606,4
91,5665,5
91,5674,4
91,5734,3
91,5762,3
91,5771,5
91,5780,4
91,5817,5
91,5821,3
91,5845,3
91,5857,3
91,5892,4
91,5963,4
91,5966,4
91,5969,5
91,5972,4
91,6239,3
91,6415,4
91,6535,4
91,6550,4
91,5779,3
91,5804,3
91,6205,2
91,5642,2
91,5770,2
91,5984,2
91,6584,1
91,6615,1
91,5751,1
91,5877,2
91,6416,2
91,6434,2
91,6762,1
91,6219,5
91,5674,1
91,5700,3
91,5755,3
91,5775,2
91,5806,2
91,5928,2
91,6609,2
91,6677,3
91,6219,4
91,5642,3
91,5684,2
91,5828,2
91,5838,2
91,5863,1
91,6377,3
91,6452,1
91,5828,3
91,6597,1
91,6600,2
91,6622,1
91,6658,1
91,6744,1
91,6757,2
91,6778,3
91,6219,5
91,5779,2
91,5804,2
91,5806,1
91,5867,1
91,5921,2
91,6007,3
92,5912,2
92,5923,2
92,5936,3
92,6294,2
92,5604,2
92,5724,2
92,6274,2
92,6285,3
92,6313,2
92,6709,2
92,6725,2
92,6774,3
92,5642,2
92,5838,3
92,6742,1
92,5828,3
92,6597,2
92,6600,3
92,6622,2
92,6658,2
92,6744,2
92,6757,3
92,6778,2
92,6693,1
92,5716,1
92,6219,2
92,6523,2
92,6219,1
92,5831,1
92,6247,3
92,5718,4
92,5720,4
92,5779,2
92,5804,1
92,6205,2
92,6080,1
92,6489,1
92,5779,2
92,5804,2
92,5806,1
92,5867,3
92,6153,3
92,5642,2
92,5684,1
92,5828,2
92,5838,1
92,5863,3
92,6377,2
92,6452,1
92,6545,2
92,6583,2
92,6591,3
92,6660,2
92,6318,1
92,6359,3
92,6092,3
92,6513,2
92,6612,1
92,6718,3
92,5831,2
92,5961,2
92,5899,2
92,5612,2
92,6579,3
92,6595,2
93,6219,3
93,6523,1
93,5604,1
93,5724,2
93,6274,1
93,6285,1
93,6313,3
93,6709,2
93,6725,3
93,6774,3
93,5819,3
93,5961,4
93,6211,2
93,6383,2
93,5831,3
93,5961,1
93,5831,3
93,5961,1
93,5603,3
93,5605,2
93,5593,3
93,5974,5
93,5642,3
93,5684,1
93,5828,2
93,5838,2
93,5863,3
93,6377,2
93,6452,1
93,6321,4
93,5779,3
93,5804,1
93,6205,2
94,5912,2
94,5923,2
94,5936,3
94,6294,1
94,5642,3
94,5684,3
94,5828,3
94,5838,1
94,5863,1
94,6377,3
94,6452,2
94,5828,1
94,6597,2
94,6600,1
94,6622,2
94,6658,1
94,6744,3
94,6757,3
94,6778,1
95,5746,2
95,5630,4
95,5782,4
95,5612,3
95,5664,1
95,5727,3
95,5907,1
95,6013,3
95,6207,2
95,6321,1
95,6342,2
95,6347,2
95,6579,2
95,6595,2
95,5612,1
95,6579,2
95,6595,1
95,5744,3
95,6301,3
95,6393,1
95,6406,3
96,5574,2
96,5884,2
96,5574,1
96,5735,1
96,6396,3
96,5604,1
96,5724,1
96,6274,2
96,6285,1
96,6313,1
96,6709,3
96,6725,1
96,6774,3
96,5768,1
96,5972,2
96,6698,3
96,5904,1
96,6742,2
96,5638,2
96,5725,3
96,5875,3
96,5989,3
96,6653,3
96,6037,4
96,5642,2
96,5684,2
96,5828,3
96,5838,3
96,5863,2
96,6377,3
96,6452,1
96,5619,2
96,6225,3
96,6373,2
96,6709,3
96,5828,2
96,6597,2
96,6600,1
96,6622,2
96,6658,3
96,6744,2
96,6757,2
96,6778,1
97,5613,2
97,5680,1
97,5705,2
97,5813,2
97,5862,2
97,5948,1
97,6148,3
97,6362,3
97,6690,1
97,6733,2
97,5828,2
97,6597,1
97,6600,1
97,6622,3
97,6658,1
97,6744,1
97,6757,2
97,6778,2
97,5945,3
97,5831,1
97,5611,4
97,5622,4
97,5836,4
97,6317,4
97,6671,3
97,5642,3
97,5684,2
97,5828,1
97,5838,3
97,5863,2
97,6377,3
97,6452,2
97,5831,1
97,5961,3
97,5831,3
97,5961,1
97,6184,4
97,5612,3
97,6579,3
97,6595,3
97,5596,2
97,5614,1
97,5954,2
97,5983,2
97,6220,1
97,6092,2
97,6513,1
97,6612,1
97,6718,2
97,5642,2
97,5838,1
97,6742,3
97,5912,2
97,5923,3
97,5936,2
97,6294,1
97,5604,1
97,5724,1
97,6274,2
97,6285,3
97,6313,1
97,6709,3
97,6725,1
97,6774,3
98,5828,2
98,6597,1
98,6600,3
98,6622,2
98,6658,2
98,6744,1
98,6757,2
98,6778,2
99,5634,3
99,5659,4
99,5680,2
99,5705,2
99,5813,1
99,5862,2
99,5948,1
99,6148,2
99,6362,3
99,6733,2
99,5604,1
99,5724,3
99,6274,1
99,6285,2
99,6313,3
99,6709,3
99,6725,2
99,6774,1
99,5831,2
99,6151,2
99,6693,2
99,5656,4
99,5937,1
99,6212,2
99,6228,1
99,6246,2
99,6487,1
99,6492,1
101,5861,3
101,6685,3
102,6064,3
102,6069,3
102,6254,3
102,6281,1
102,6359,1
102,6660,3
102,6263,3
102,6429,1
103,5612,2
103,6472,3
103,5612,3
103,5647,3
103,5648,3
103,5650,2
103,5653,1
103,5752,1
103,5871,2
103,5940,3
103,5952,1
103,6362,1
103,6472,1
103,6547,1
103,6688,2
103,6780,1
103,6787,1
104,6752,2
104,5642,2
104,5838,3
104,6090,3
104,6394,3
104,6543,1
104,5939,5
104,5642,2
104,5684,1
104,5828,2
104,5838,3
104,5863,1
104,6377,2
104,6452,2
104,5828,2
104,6597,1
104,6600,3
104,6622,1
104,6658,1
104,6744,3
104,6757,3
104,6778,1
105,5779,1
105,5804,3
105,6205,2
105,5642,2
105,5684,3
105,5828,1
105,5838,3
105,5863,1
105,6377,3
105,6452,2
105,5615,2
105,6230,3
105,5604,3
105,5724,1
105,6274,3
105,6285,1
105,6313,3
105,6709,3
105,6725,2
105,6774,3
105,5656,2
105,5819,2
105,5961,1
105,5716,3
105,5828,2
105,6597,1
105,6600,2
105,6622,2
105,6658,2
105,6744,3
105,6757,1
105,6778,1
106,5674,3
106,5700,2
106,5755,2
106,5775,2
106,5806,2
106,5928,3
106,6609,3
106,6677,3
106,5576,1
106,5606,2
106,5666,3
106,5667,3
106,5668,2
106,5669,3
106,5672,3
106,5673,3
106,5675,2
106,5701,2
106,5703,2
106,5711,2
106,5754,2
106,5781,2
106,5793,1
106,5815,1
106,5824,2
106,5829,1
106,5839,3
106,5869,2
106,5914,2
106,5919,3
106,5922,2
106,5923,2
106,5929,3
106,5931,2
106,5935,2
106,5948,3
106,5958,3
106,5964,2
106,5970,3
106,6070,1
106,6238,2
106,6465,3
106,6500,2
106,6562,2
106,6756,3
106,5804,4
106,6594,3
106,6256,4
108,5890,1
108,6157,2
108,6776,2
108,6777,2
108,5737,2
108,5906,3
108,6651,2
108,5620,1
108,5800,2
108,5642,3
108,5838,1
108,5816,3
108,5737,2
108,5906,2
108,6714,2
108,5889,3
108,6553,1
108,6553,2
109,6152,4
109,6347,2
109,6347,3
109,5604,2
109,5724,1
109,6274,1
109,6285,2
109,6313,2
109,6709,2
109,6725,3
109,6774,1
110,5790,3
110,5933,1
110,6530,3
110,6646,1
110,6696,2
110,6709,2
110,6713,3
110,6720,2
110,6723,2
110,6738,2
110,6779,2
111,5894,3
111,6338,1
111,6796,3
112,5841,1
113,5693,1
113,6074,3
113,5679,3
113,5747,4
113,5779,4
113,5998,3
113,5776,3
113,5776,4
113,5719,2
113,5741,3
113,5866,3
113,5988,2
113,6189,1
113,6195,1
113,6204,3
113,6224,2
113,6231,2
113,6241,3
113,6293,1
113,6301,3
113,6633,2
113,6646,2
113,6694,3
113,5776,4
114,5588,3
115,5831,3
115,5961,4
115,5613,2
115,5680,3
115,5705,2
115,5813,2
115,5862,3
115,5948,1
115,6148,2
115,6362,1
115,6690,2
115,6733,3
115,5916,3
115,6151,1
115,5581,1
115,5655,3
115,5687,1
115,5870,2
115,5992,3
115,6017,2
115,6086,2
115,6150,2
115,6314,2
115,6472,3
115,6537,2
115,6571,3
115,6621,2
115,6656,2
115,6688,3
115,6697,2
115,6702,3
115,6759,3
115,5819,3
115,5961,2
115,5611,1
115,5622,3
115,5836,1
115,6317,3
115,6671,1
115,5868,2
115,6369,3
115,6397,3
115,6321,2
115,5831,5
115,5961,3
115,5576,3
115,5606,4
115,5666,3
115,5667,4
115,5668,3
115,5669,4
115,5672,5
115,5673,3
115,5675,3
115,5701,4
115,5703,3
115,5711,5
115,5754,4
115,5781,5
115,5793,4
115,5815,3
115,5824,5
115,5829,5
115,5839,3
115,5869,4
115,5914,5
115,5919,3
115,5922,4
115,5923,3
115,5929,4
115,5931,3
115,5935,4
115,5948,3
115,5958,4
115,5964,3
115,5970,4
115,6070,4
115,6238,3
115,6465,5
115,6500,5
115,6562,3
115,6756,5
115,5587,2
115,5627,2
115,5641,2
115,5673,1
115,5728,2
115,5758,1
115,5762,2
115,5784,1
115,5785,3
115,5787,3
115,5845,3
115,5892,3
115,5896,2
115,5925,3
115,6148,3
115,6168,2
115,6169,2
115,6209,3
115,6217,2
115,6269,3
115,6311,3
115,6340,2
115,6375,2
115,6381,1
115,6415,1
115,6424,1
115,6448,1
115,6453,1
115,6467,2
115,6486,1
115,6520,2
115,6526,3
115,6574,1
115,6577,2
115,6587,2
115,6632,2
115,6782,2
115,6797,2
115,6264,3
115,6765,2
115,5982,2
115,5714,3
115,5751,3
115,5877,5
115,5606,2
115,5665,3
115,5674,2
115,5734,3
115,5762,3
115,5771,1
115,5780,3
115,5817,3
115,5821,2
115,5845,2
115,5857,2
115,5892,2
115,5963,3
115,5966,1
115,5969,2
115,5972,1
115,6239,3
115,6415,3
115,6535,3
115,6550,1
115,5576,4
115,5702,3
115,5742,4
115,5845,5
115,5588,2
115,6234,2
115,6327,1
115,6379,3
115,6387,3
115,6685,1
115,6686,1
115,5779,1
115,5804,2
115,6205,1
115,5698,1
115,5731,3
115,5732,3
115,5733,3
115,6051,2
115,6258,1
115,6420,3
115,5587,1
115,5627,2
115,5641,3
115,5673,2
115,5728,3
115,5758,2
115,5762,2
115,5784,2
115,5785,3
115,5787,1
115,5845,3
115,5892,1
115,5896,3
115,5925,2
115,6148,2
115,6168,2
115,6169,3
115,6209,2
115,6217,2
115,6269,3
115,6311,3
115,6340,2
115,6375,2
115,6381,1
115,6415,2
115,6424,2
115,6448,2
115,6453,3
115,6467,2
115,6486,3
115,6520,3
115,6526,3
115,6574,3
115,6577,3
115,6587,2
115,6632,3
115,6782,2
115,6797,1
115,6343,3
115,6345,2
115,6563,3
115,6662,3
115,5964,3
115,6742,1
115,5970,5
116,6129,1
116,5912,3
116,5923,3
116,5936,1
116,6294,2
116,5779,1
116,5804,2
116,6205,2
116,5604,3
116,5724,2
116,6274,1
116,6285,3
116,6313,1
116,6709,1
116,6725,1
116,6774,2
116,5776,2
116,5828,2
116,6597,2
116,6600,2
116,6622,1
116,6658,1
116,6744,1
116,6757,1
116,6778,3
117,5575,2
117,5687,3
117,6062,3
117,6643,1
117,5575,3
117,5575,4
117,5642,2
117,5684,2
117,5828,1
117,5838,3
117,5863,2
117,6377,2
117,6452,2
117,6545,3
117,6583,2
117,6591,3
117,6660,1
118,5590,1
118,5828,3
118,6597,1
118,6600,1
118,6622,3
118,6658,2
118,6744,3
118,6757,1
118,6778,2
118,6394,3
118,6543,1
119,5615,3
119,5922,4
119,6631,4
119,6771,3
119,5740,3
119,5642,1
119,5684,1
119,5828,1
119,5838,3
119,5863,1
119,6377,3
119,6452,2
119,5584,2
119,5674,3
119,5700,2
119,5755,2
119,5775,2
119,5806,1
119,5928,2
119,6609,3
119,6677,1
119,5604,2
119,5724,1
119,6274,3
119,6285,1
119,6313,2
119,6709,3
119,6725,2
119,6774,2
119,5995,1
119,6164,1
119,6424,2
119,5651,2
119,6215,1
119,6532,1
119,6554,3
119,5828,1
119,6597,3
119,6600,1
119,6622,2
119,6658,3
119,6744,3
119,6757,2
119,6778,3
120,5620,2
120,5800,1
120,5674,2
120,5700,3
120,5755,2
120,5775,2
120,5806,1
120,5928,1
120,6609,2
120,6677,2
120,5890,2
120,6157,3
120,6776,3
120,6777,3
120,6144,2
120,6503,1
121,5642,1
121,5838,3
121,5649,3
121,5825,1
121,5938,1
121,5975,2
121,5978,3
121,6163,1
121,6288,3
121,6320,2
121,6331,2
121,6337,2
121,6338,2
121,6345,3
121,6352,3
121,6404,2
121,6497,2
121,6512,2
121,6586,3
121,6613,1
121,6614,1
121,6627,3
121,6635,3
121,6668,3
121,6715,2
121,6761,2
121,5890,2
121,6157,2
121,6776,1
121,6777,3
121,5642,5
121,5838,5
121,6752,1
122,5663,3
122,6590,2
122,6611,3
122,6632,3
122,6665,2
122,6677,1
122,6719,1
122,6739,3
122,6747,1
122,6775,1
122,5922,3
122,6631,3
122,6771,4
122,5740,3
122,5642,3
122,5684,1
122,5828,2
122,5838,3
122,5863,2
122,6377,1
122,6452,3
122,5584,3
122,5674,2
122,5700,3
122,5755,2
122,5775,2
122,5806,3
122,5928,3
122,6609,3
122,6677,1
122,5604,2
122,5724,3
122,6274,2
122,6285,3
122,6313,1
122,6709,1
122,6725,2
122,6774,2
122,5995,2
122,6164,2
122,6424,1
122,5651,3
122,6215,2
122,6532,3
122,6554,2
122,5828,1
122,6597,1
122,6600,1
122,6622,2
122,6658,1
122,6744,3
122,6757,2
122,6778,1
123,5649,2
123,6193,2
123,5642,3
123,5684,1
123,5828,2
123,5838,1
123,5863,2
123,6377,1
123,6452,1
123,5828,1
123,6597,1
123,6600,3
123,6622,2
123,6658,3
123,6744,1
123,6757,2
123,6778,2
123,5774,4
123,6474,5
123,6479,4
123,5746,1
124,5746,2
124,6157,3
124,5600,3
124,5704,2
124,5811,2
124,5885,3
124,5962,1
124,6143,3
124,6255,3
124,6382,1
124,6438,1
124,6475,1
124,6724,3
124,5774,2
124,6474,3
124,6479,2
125,5788,3
125,5642,3
125,5684,3
125,5828,2
125,5838,3
125,5863,3
125,6377,2
125,6452,2
125,5604,2
125,5724,2
125,6274,1
125,6285,1
125,6313,2
125,6709,1
125,6725,1
125,6774,2
125,5828,2
125,6597,1
125,6600,1
125,6622,2
125,6658,3
125,6744,1
125,6757,2
125,6778,2
126,5863,1
126,6377,3
126,5828,3
126,6597,4
126,6600,4
126,6622,3
126,6658,4
126,6744,3
126,6757,4
126,6778,3
126,5579,1
126,5586,1
126,6206,3
126,6787,3
126,5635,1
126,6253,2
126,5613,3
126,5680,1
126,5705,2
126,5813,1
126,5862,1
126,5948,2
126,6148,2
126,6362,2
126,6690,2
126,6733,3
126,5591,2
126,6005,3
126,6554,1
126,6628,2
126,6748,1
126,5744,1
126,5612,1
126,5647,1
126,5648,2
126,5650,2
126,5653,1
126,5752,2
126,5871,1
126,5940,2
126,5952,1
126,6362,2
126,6472,3
126,6547,1
126,6688,3
126,6780,3
126,6787,2
126,6071,2
126,6145,2
126,6167,1
126,6222,2
126,6732,3
126,6743,3
126,6754,2
126,5704,3
126,6175,3
126,6222,3
126,5960,2
126,6575,2
126,5922,2
126,6631,2
126,6771,2
126,6225,3
126,6280,2
126,6411,1
126,6481,1
126,5596,2
126,5614,3
126,5954,3
126,5983,2
126,6220,3
126,5706,2
126,5707,3
126,5709,3
126,5891,2
126,6303,3
126,6408,2
126,6414,2
126,6417,3
126,6466,1
126,6689,3
126,5995,1
126,6164,2
126,6424,1
126,6076,1
126,6216,1
126,6309,2
126,6453,3
126,5749,2
126,5895,1
126,5944,1
126,6016,3
126,6160,3
126,6233,2
126,6243,3
126,6280,1
126,6289,2
126,6298,2
126,6325,2
126,6326,3
126,6355,2
126,6446,2
126,6456,1
126,6458,1
126,6464,2
126,6515,2
126,6518,2
126,6521,1
126,6629,2
126,6679,2
126,5949,2
126,5968,2
126,6166,2
126,6189,1
126,6260,1
126,6395,1
126,6493,1
126,6608,2
126,6686,1
126,5590,1
126,5595,3
126,5610,2
126,5613,3
126,5625,3
126,5611,2
126,5622,1
126,5836,1
126,6317,1
126,6671,2
126,5613,2
126,5625,2
126,5649,2
126,6193,2
126,5714,3
126,5788,3
126,5864,2
126,6766,3
126,5867,3
126,5903,3
126,6133,2
126,6368,2
126,5904,2
126,5939,2
126,5964,3
126,6032,2
126,6037,3
126,6090,2
126,6097,1
126,6112,2
126,6116,3
126,6645,1
126,6132,3
126,6219,1
126,6219,1
126,6223,2
126,6233,2
126,6454,2
126,6470,2
126,6483,2
126,6496,2
127,5876,3
127,6436,3
127,6445,3
127,5779,1
127,5804,1
127,6205,2
127,6145,4
127,6167,5
127,6222,3
127,6732,5
127,6743,4
127,6754,3
127,6055,3
127,6242,2
127,5642,3
127,5684,3
127,5828,3
127,5838,1
127,5863,3
127,6377,1
127,6452,3
127,5604,1
127,5724,1
127,6274,1
127,6285,1
127,6313,1
127,6709,1
127,6725,2
127,6774,1
127,5828,1
127,6597,2
127,6600,2
127,6622,2
127,6658,3
127,6744,1
127,6757,2
127,6778,2
127,5600,3
127,5704,4
127,5811,4
127,5885,5
127,5962,5
127,6143,4
127,6255,4
127,6382,3
127,6438,3
127,6475,3
127,6724,5
127,6157,1
127,5616,1
127,5619,3
127,6225,2
127,6373,2
127,6709,1
127,5746,1
127,6394,3
127,6543,3
128,5886,2
128,5921,1
128,6173,3
128,6266,2
128,6376,2
128,6431,3
128,6519,2
128,6534,2
128,6676,2
128,5642,1
128,5684,3
128,5828,1
128,5838,1
128,5863,1
128,6377,2
128,6452,1
128,5604,2
128,5724,1
128,6274,3
128,6285,2
128,6313,1
128,6709,2
128,6725,2
128,6774,3
128,6545,1
128,6583,3
128,6591,2
128,6660,1
128,5939,3
128,5828,3
128,6597,3
128,6600,2
128,6622,2
128,6658,2
128,6744,1
128,6757,3
128,6778,2
129,5897,2
129,6472,2
130,5939,3
130,5642,2
130,5684,3
130,5828,3
130,5838,2
130,5863,3
130,6377,2
130,6452,3
130,5828,3
130,6597,1
130,6600,2
130,6622,2
130,6658,3
130,6744,2
130,6757,3
130,6778,3
131,6032,4
131,5589,2
131,5621,2
131,5749,1
131,6582,2
131,6679,2
131,6789,1
131,6264,2
131,6765,1
131,5779,3
131,5804,2
131,5806,3
131,5867,2
131,6076,3
131,6216,2
131,6309,3
131,5577,1
131,5732,1
131,6032,1
131,5828,2
131,6597,3
131,6600,1
131,6622,2
131,6658,3
131,6744,2
131,6757,2
131,6778,1
131,5852,1
131,5604,3
131,5724,2
131,6274,2
131,6285,1
131,6313,2
131,6709,2
131,6725,3
131,6774,1
131,5617,2
131,5749,3
131,5848,3
131,5873,2
131,5882,1
131,5893,3
131,5941,2
131,5942,1
131,5945,3
131,5946,2
131,6160,1
131,6196,3
131,6205,1
131,6210,1
131,6229,1
131,6248,3
131,6251,2
131,6252,1
131,6287,1
131,6289,2
131,6296,1
131,6323,1
131,6330,1
131,6358,1
131,6380,1
131,6390,2
131,6435,1
131,6451,3
131,6460,1
131,6499,2
131,6501,3
131,6502,1
131,6504,2
131,6505,1
131,6508,2
131,6509,1
131,6518,3
131,6521,1
131,6570,2
131,6581,2
131,6617,3
131,6629,3
131,6649,3
131,6674,2
131,6687,1
131,6725,2
131,6734,3
131,6744,2
131,5674,3
131,5700,3
131,5755,2
131,5775,2
131,5806,3
131,5928,2
131,6609,3
131,6677,2
131,5718,3
131,5720,2
131,6693,1
131,5603,1
131,5605,1
131,5854,2
131,6157,2
131,6219,2
132,6086,1
132,5674,2
132,5700,2
132,5755,2
132,5775,3
132,5806,3
132,5928,2
132,6609,2
132,6677,3
133,6090,3
133,5642,1
133,5684,1
133,5828,1
133,5838,2
133,5863,2
133,6377,3
133,6452,2
133,6752,2
133,5828,3
133,6597,2
133,6600,2
133,6622,1
133,6658,2
133,6744,1
133,6757,3
133,6778,3
133,6090,5
134,6097,2
134,6545,1
134,6583,1
134,6591,3
134,6660,2
134,5894,2
134,6338,2
134,5828,1
134,6597,1
134,6600,1
134,6622,2
134,6658,2
134,6744,1
134,6757,2
134,6778,3
135,6121,1
135,6142,2
135,5642,1
135,5684,2
135,5828,3
135,5838,1
135,5863,2
135,6377,1
135,6452,2
135,6121,4
135,6142,5
135,5704,2
135,6175,3
135,6222,1
135,6742,1
135,6132,3
135,5604,2
135,5724,2
135,6274,2
135,6285,3
135,6313,2
135,6709,3
135,6725,2
135,6774,1
135,5828,1
135,6597,1
135,6600,3
135,6622,2
135,6658,2
135,6744,3
135,6757,1
135,6778,3
136,6164,2
137,6191,1
137,6244,1
137,5704,3
137,6175,2
137,6222,2
138,6227,1
138,5779,2
138,5804,1
138,6205,2
138,5588,2
138,6234,2
138,6327,2
138,6379,1
138,6387,3
138,6685,2
138,6686,2
138,6024,2
138,6248,2
138,6451,1
138,6235,4
138,6353,4